"Sampling_Code";"GBIF";"Substrate";"Occurrence";"N_individuals"
"LPS_Lit_36782";"1441789";"Gravel";1;3
"LPM_Lit_36781";"1441789";"Gravel near inlet";1;1
"LPS_Lit_36782";"1441778";"Gravel";1;2
"LPS_Lit_36782";"1441778";"Rock face";1;1
"GRA_Lit_43725";"4469860";"Left";1;1
"LPS_Lit_41520";"4469860";"Rock face";1;1
"GRA_Lit_44089";"4469860";"Left";1;1
"LPS_Inl_35647";"4469860";"";1;6
"LVM_Inl_44091";"4469860";"";1;1
"GEL_Lit_43727";"4469860";"Gravel";1;2
"LVM_Lit_43733";"4469860";"Left";1;3
"LPS_Lit_35689";"4469860";"Gravel";1;5
"LPS_Lit_36412";"4469860";"Rock face";1;3
"GEL_Lit_43727";"4469860";"Gravel-Sand";1;6
"GRA_Out_44089";"4469860";"";1;1
"GEL_Lit_44103";"4469860";"Gravel";1;2
"CAP_Out_43726";"4469860";"";1;2
"LVM_Out_44091";"4469860";"";1;3
"LMS_Lit_43732";"4469860";"Right";1;5
"MAT_Lit_44103";"4469860";"Left";1;1
"GRA_Lit_44089";"4469860";"Right";1;2
"LPS_Lit_36412";"4469860";"Gravel";1;2
"LPS_Inl_34898_2";"4469860";"";1;1
"LPS_Lit_41520";"4469860";"Landslide";1;2
"GEL_Lit_44103";"2049905";"Gravel-Sand";1;2
"LPI_Lit_36782";"4542006";"Landslide";1;1
"LPS_Lit_36782";"4542006";"Rock face";1;1
"LPM_Lit_36781";"4542006";"Gravel";1;37
"LPM_Lit_36781";"4542006";"Boulders";1;17
"LPI_Lit_36782";"4542006";"Gravel";1;1
"LPS_Lit_36782";"4542006";"Landslide";1;8
"LPM_Lit_36781";"4542006";"Gravel near inlet";1;3
"LVM_Lit_43733";"9453665";"Left";1;3
"MAT_Lit_43727";"9453665";"Left";1;1
"LMI_Lit_43732";"9453665";"Left";1;13
"LMS_Lit_43732";"9453665";"Right";1;24
"LMS_Lit_43732";"9453665";"Left";1;2
"LVM_Inl_44091";"9453665";"";1;1
"LMI_Lit_44084";"9453665";"Right";1;3
"LMI_Out_43732";"9453665";"";1;1
"LMI_Lit_43732";"9453665";"Right";1;7
"LVM_Out_44091";"9453665";"";1;1
"LVS_Out_44091";"9453665";"";1;1
"LPI_Out_36782_100";"4541504";"";1;3
"LPI_Out_36782_100";"4541553";"";1;2
"LPI_Out_36782_100";"1501514";"";1;1
"LPM_Lit_34233";"4542000";"Gravel";1;6
"LPS_Lit_33813";"4542000";"Gravel";1;1
"LPS_Lit_34898";"4542000";"Rock face";1;1
"LPS_Lit_35997";"4542000";"Landslide";1;1
"LPM_Lit_33792";"4542000";"Gravel";1;5
"LPI_Lit_33742";"4542000";"Gravel";1;2
"LPI_Lit_33771";"4542000";"Landslide";1;1
"LPS_Lit_34541";"4542000";"Rock face";1;16
"LPI_Lit_33435";"4542000";"Gravel";1;1
"LPS_Lit_33813";"4542000";"Rock face";1;1
"LPI_Lit_33407";"4542000";"Gravel";1;1
"LPS_Lit_35262";"4542000";"Rock face";1;6
"LPI_Lit_33435";"4542000";"Landslide";1;7
"LPI_Lit_33498";"4542000";"Gravel";1;3
"LPI_Inl_34233";"4542000";"";1;1
"LPI_Lit_33498";"4542000";"Landslide";1;14
"LPS_Lit_33470";"4542000";"Rock face";1;6
"LPS_Lit_34541";"4542000";"Gravel";1;3
"LPI_Lit_33470";"4542000";"Gravel";1;3
"LPI_Lit_34508";"4542000";"Gravel";1;1
"LPS_Lit_34975";"4542000";"Rock face";1;1
"LPS_Lit_35262";"4542000";"Landslide";1;4
"LPS_Lit_35997";"4542000";"Rock face";1;16
"LPI_Lit_33771";"4542000";"Gravel";1;2
"LPI_Lit_33470";"4542000";"Landslide";1;3
"LPS_Lit_35997";"4542000";"Gravel";1;5
"LPS_Lit_33470";"4542000";"Gravel";1;1
"CAP_Out_43726";"1450453";"";1;6
"LPI_Lit_33498";"1450281";"Gravel";1;19
"LPI_Lit_34508";"1450281";"Landslide";1;7
"LPI_Lit_33498";"1450281";"Landslide";1;1
"LPI_Lit_33407";"1450281";"Gravel";1;5
"LPI_Lit_33771";"1450281";"Landslide";1;12
"LPS_Lit_33498";"1450281";"Gravel";1;1
"LPI_Lit_36782";"1450281";"Gravel";1;1
"LPI_Lit_33470";"1450281";"Gravel";1;19
"LPS_Lit_33498";"1450281";"Rock face";1;1
"LPI_Lit_34233";"1450281";"Gravel";1;2
"LPS_Lit_41520";"1441797";"Landslide";1;3
"LPS_Lit_41520";"1441797";"Gravel";1;7
"LPS_Out_44104";"1441797";"";1;33
"LPS_Lit_36412";"1441797";"Gravel";1;9
"LPS_Lit_41520";"1441797";"Rock face";1;1
"LPS_Lit_36412";"1441797";"Rock face";1;14
"LMI_Lit_44084";"1425165";"Left";1;12
"LVM_Lit_44091";"1425165";"Left";1;1
"LPS_Lit_33498";"1037928";"Gravel";1;1
"LPS_Inl_35262_2";"1037928";"";1;1
"LPS_Inl_34898_2";"1037928";"";1;2
"LPS_Lit_33435";"1037928";"Gravel";1;3
"LPS_Lit_35689";"1037928";"Gravel";1;1
"LPS_Lit_35997";"1037928";"Gravel";1;3
"LPS_Lit_33813";"1037928";"Gravel";1;4
"LPS_Lit_35317";"1037928";"Landslide";1;6
"LPS_Lit_34898";"1037928";"Rock face";1;9
"LPS_Lit_36782";"1037928";"Rock face";1;4
"LPS_Lit_35724";"1037928";"Landslide";1;1
"LPS_Lit_35997";"1037928";"Rock face";1;1
"LPS_Lit_36095";"1037928";"Gravel";1;1
"LPS_Lit_33792";"1037928";"Gravel";1;2
"LPM_Lit_36781";"1037928";"Gravel near inlet";1;2
"LPS_Lit_34590";"1037928";"Rock face";1;1
"LPS_Lit_36067";"1037928";"Landslide";1;1
"LPS_Lit_35262";"1037928";"Gravel";1;1
"LPS_Lit_35647";"1037928";"Gravel";1;1
"LPS_Lit_33470";"1037928";"Gravel";1;5
"LPS_Lit_33792";"1037928";"Rock face";1;1
"LPS_Lit_33498";"1037928";"Rock face";1;3
"LPM_Lit_33792";"1037928";"Boulders";1;4
"LPS_Lit_34898";"1037928";"Gravel";1;2
"LPS_Lit_33470";"1037928";"Rock face";1;6
"LPS_Lit_33861";"1037928";"Gravel";1;8
"LPS_Lit_35619";"1037928";"Gravel";1;4
"LPS_Lit_35647";"1037928";"Landslide";1;6
"LPM_Lit_36781";"1037928";"Boulders";1;1
"LPI_Lit_33407";"1037928";"Gravel";1;1
"LPI_Out_34590";"1037928";"";1;1
"LPS_Inl_35647";"1037928";"";1;6
"LPS_Lit_35317";"1037928";"Gravel";1;3
"LPS_Lit_33813";"1037928";"Rock face";1;6
"LPS_Lit_35262";"1037928";"Rock face";1;3
"LPS_Lit_34541";"1037928";"Gravel";1;1
"LPS_Inl_35619_2";"1441777";"";1;1
"LPS_Lit_35647";"1441777";"Gravel";1;4
"LPM_Lit_33792";"1441777";"Gravel";1;11
"LPI_Lit_33771";"1441777";"Landslide";1;7
"LPI_Lit_33435";"1441777";"Gravel";1;7
"LPI_Inl_34233";"1441777";"";1;28
"LPM_Lit_33792";"1441777";"Boulders";1;50
"LPM_Lit_34233";"1441777";"Gravel";1;1
"LPS_Lit_35647";"1441777";"Rock face";1;2
"LPI_Lit_33498";"1441777";"Landslide";1;1
"LPI_Lit_34233";"1441777";"Gravel";1;5
"LPS_Lit_35724";"1441777";"Gravel";1;2
"LPS_Inl_35619_1";"1441777";"";1;1
"LPI_Out_34233";"1441777";"";1;1
"LPS_Lit_34233";"1441777";"Rock face";1;7
"LPS_Lit_33861";"1441777";"Gravel";1;32
"LPS_Lit_33813";"1441777";"Rock face";1;73
"LPS_Lit_35262";"1441777";"Gravel";1;1
"LPS_Lit_35724";"1441777";"Landslide";1;1
"LPI_Out_33435";"1441777";"";1;3
"LPS_Lit_36782";"1441777";"Gravel";1;2
"LPI_Lit_33498";"1441777";"Gravel";1;2
"LPI_Lit_33435";"1441777";"Landslide";1;13
"LPS_Lit_33861";"1441777";"Rock face";1;45
"LPI_Out_33470";"1513860";"";1;1
"LPI_Out_33498";"1450272";"";1;4
"LPM_Lit_34233";"1450272";"Gravel";1;7
"LPI_Inl_34233";"1450272";"";1;14
"LPM_Lit_33792";"1450272";"Boulders";1;3
"LPI_Out_33498";"1453069";"";1;3
"LPI_Out_33435";"1453069";"";1;1
"LPM_Lit_33792";"2181035";"Boulders";1;8
"LPI_Out_36782_100";"2180421";"";1;1
"LPI_Out_36782_100";"4481136";"";1;11
"LPI_Out_36782_100";"4481106";"";1;11
"MAT_Inl_44103";"4481106";"";1;17
"MAT_Out_43727";"4481106";"";1;63
"LPI_Inl_44104";"4481106";"";1;11
"LPI_Inl_43748";"4481106";"";1;17
"MAT_Out_44103";"4481106";"";1;12
"CAP_Out_43726";"4481106";"";1;15
"LPM_Lit_36781";"1451457";"Boulders";1;1
"MAT_Inl_43727";"1407108";"";1;54
"LPI_Out_36782_100";"1407108";"";1;24
"LPS_Out_36412";"1407108";"";1;3
"LPS_Out_41175";"1407108";"";1;1
"LPI_Out_34590_200";"1407108";"";1;4
"LPI_Lit_43748";"1445876";"Landslide";1;1
"LPS_Out_35724";"1454579";"";1;1
"LPS_Lit_34898";"1451445";"Gravel";1;2
"LPI_Lit_33407";"1451445";"Gravel";1;1
"LPS_Out_34898";"1451445";"";1;1
"LPS_Lit_35619";"1451445";"Gravel";1;2
"LPS_Out_35619_100";"4416390";"";1;12
"LPS_Out_36412";"4416390";"";1;26
"LPS_Out_35647";"4416390";"";1;86
"LPM_Lit_36781";"4416390";"Gravel";1;24
"LPI_Lit_41175";"4416390";"Gravel";1;1
"LPI_Out_44104";"4416390";"";1;23
"LPM_Lit_34233";"4416390";"Gravel";1;1
"LPS_Out_35724";"4416390";"";1;10
"LPI_Out_41175";"4416390";"";1;224
"LPS_Out_35262";"4416390";"";1;5
"LPS_Out_35689";"4416390";"";1;27
"LPI_Out_43018";"4416390";"";1;217
"LPS_Out_35360";"4416390";"";1;13
"LPS_Out_43748";"4416390";"";1;2
"LPM_Lit_33792";"4416390";"Boulders";1;6
"GRA_Out_44089";"4416390";"";1;14
"LPM_Lit_36781";"4416390";"Gravel near inlet";1;13
"GRA_Lit_43725";"4416390";"Left";1;8
"GRA_Lit_43725";"4416390";"Right";1;27
"LPS_Out_36782";"4416390";"";1;23
"LPS_Out_41175";"4416390";"";1;7
"LPI_Inl_43748";"4416390";"";1;2
"LPS_Lit_44104";"4416390";"Gravel";1;1
"MAT_Out_43727";"4416390";"";1;12
"LPI_Inl_44104";"4416390";"";1;1
"LPS_Out_35317";"4416390";"";1;17
"MAT_Inl_43727";"4416390";"";1;3
"GRA_Lit_44089";"4416390";"Right";1;4
"LPM_Lit_36781";"4416390";"Boulders";1;10
"LPS_Out_44104";"4416390";"";1;2
"LPS_Out_34975";"4416390";"";1;10
"GRA_Out_43725";"4416390";"";1;20
"LPS_Out_34590";"4416390";"";1;8
"CAP_Out_43726";"4416390";"";1;128
"LPI_Out_43748";"4416390";"";1;36
"LPI_Lit_44104";"2308346";"Gravel";1;1
"GRA_Lit_43725";"2308346";"Right";1;4
"GEL_Lit_43727";"2308346";"Gravel-Sand";1;2
"LMS_Lit_43732";"2308346";"Right";1;1
"GRA_Lit_43725";"2308346";"Left";1;30
"LMI_Out_43732";"2308346";"";1;25
"MAT_Inl_43727";"2308346";"";1;4
"LPS_Lit_44104";"2308346";"Landslide";1;20
"GEL_Lit_44103";"2308346";"Gravel";1;1
"LPI_Inl_44104";"8053073";"";1;2
"LPS_Lit_43748";"8053073";"Gravel";1;1
"LVM_Lit_44091";"8053073";"Left";1;1
"LPI_Out_43018";"8053073";"";1;24
"LPS_Out_41175";"8053073";"";1;1
"MAT_Inl_43727";"8053073";"";1;1
"LPS_Lit_44104";"8053073";"Landslide";1;1
"LVM_Out_43733";"8053073";"";1;1
"LPI_Out_44104";"8053073";"";1;1
"MAT_Inl_43727";"2308301";"";1;1
"MAT_Lit_44103";"2308301";"Left";1;1
"LVS_Lit_43733";"2308301";"Littoral";1;67
"LPI_Lit_43748";"2308301";"Gravel";1;3
"LPI_Out_43018";"2308301";"";1;3
"MAT_Out_43727";"2308301";"";1;2
"LPS_Lit_43748";"2308301";"Gravel";1;8
"LPI_Lit_44104";"2308301";"Gravel";1;1
"LPI_Out_44104";"2308301";"";1;1
"LMI_Out_43732";"2308301";"";1;1
"LVS_Lit_44091";"2308301";"Right";1;28
"LVM_Inl_43733";"2308301";"";1;1
"LVM_Lit_44091";"2308301";"Left";1;15
"LVM_Lit_43733";"2308301";"Left";1;11
"LPI_Lit_43018";"2308301";"Gravel";1;3
"LPI_Out_43748";"2308301";"";1;50
"LPS_Lit_44104";"4409939";"Landslide";1;1
"LPS_Out_43748";"1445725";"";1;2
"LPM_Lit_33525";"1445725";"Gravel";1;2
"LPI_Lit_34590";"1452287";"Landslide";1;5
"LPI_Lit_41175";"1452290";"Landslide";1;1
"LPS_Lit_44104";"1452290";"Gravel";1;1
"LVS_Out_44091";"1452290";"";1;1
"LPI_Lit_43748";"1452290";"Gravel";1;4
"LPS_Out_43748";"1452290";"";1;12
"GRA_Lit_44089";"1452290";"Right";1;6
"LPI_Out_43018";"1452290";"";1;17
"LPS_Inl_34975_2";"1452290";"";1;8
"LPS_Lit_44104";"1452290";"Landslide";1;2
"LPS_Lit_43748";"1452290";"Gravel";1;5
"CAP_Out_43726";"1452290";"";1;71
"LPS_Out_35647";"1452290";"";1;297
"LPI_Lit_34590";"1452290";"Landslide";1;52
"LVM_Out_43733";"1452290";"";1;28
"LMI_Out_43732";"1452290";"";1;2
"LPS_Lit_43748";"1452290";"Rock face";1;226
"LPI_Out_34590";"1452290";"";1;6
"LPI_Out_34590_100";"1452290";"";1;5
"LVS_Out_43733";"1452290";"";1;143
"LPS_Out_36412";"1452290";"";1;27
"LMI_Out_44084";"1452290";"";1;1
"LPS_Out_35619_200";"1452290";"";1;109
"LPI_Lit_43748";"1452290";"Landslide";1;3
"MAT_Inl_43727";"1452290";"";1;80
"LPI_Lit_34590";"1452290";"Gravel";1;3
"LPI_Out_36782_100";"1452290";"";1;31
"LPI_Out_41175";"1452290";"";1;76
"LMS_Lit_43732";"1452290";"Right";1;12
"LPS_Lit_44104";"1452290";"Rock face";1;11
"LPS_Inl_35360_2";"1452290";"";1;1
"LVM_Inl_43733";"1452290";"";1;46
"LPS_Lit_43018";"1452290";"Landslide";1;239
"LPI_Lit_36782";"1452290";"Landslide";1;6
"LMI_Lit_43732";"1452290";"Right";1;4
"LPI_Lit_44104";"1452290";"Gravel";1;1
"LPI_Inl_44104";"1452290";"";1;5
"GRA_Lit_43725";"1452290";"Left";1;34
"LPS_Out_35689";"1452290";"";1;100
"LPI_Out_44104";"1452290";"";1;12
"GRA_Lit_43725";"1452290";"Right";1;12
"LMS_Lit_43732";"1452290";"Left";1;11
"LPS_Lit_43018";"1452290";"Rock face";1;215
"LPS_Out_41175";"1452290";"";1;18
"GEL_Lit_43727";"1452290";"Gravel";1;3
"LPM_Lit_33525";"1452290";"Gravel";1;1
"LPS_Lit_43748";"1452290";"Landslide";1;75
"GRA_Out_43725";"1452290";"";1;1
"LPS_Out_35317";"1452290";"";1;14
"LPI_Out_34590_200";"1452290";"";1;46
"MAT_Inl_44103";"1452290";"";1;2
"LPS_Out_35262";"1452290";"";1;70
"GEL_Lit_44103";"1452290";"Gravel-Sand";1;13
"LPS_Out_34590";"1452290";"";1;1
"GEL_Lit_43727";"1452290";"Gravel-Sand";1;28
"LPI_Lit_43748";"1452290";"Gravel near inlet";1;6
"GRA_Lit_44089";"1452290";"Left";1;1
"LPI_Lit_44104";"1452290";"Landslide";1;1
"CAP_Out_44082";"1452290";"";1;41
"LPS_Out_35619_100";"1452290";"";1;271
"LPS_Out_35724";"1452290";"";1;24
"LMI_Lit_44084";"1452290";"Right";1;2
"LMI_Lit_44084";"1452290";"Left";1;5
"LPS_Out_34898";"1452290";"";1;402
"LPI_Lit_43018";"1452290";"Landslide";1;1
"LPS_Lit_35619";"1452290";"Gravel";1;1
"LPI_Out_43748";"1452290";"";1;11
"LPS_Out_36782";"1452290";"";1;12
"LPI_Inl_43748";"1452290";"";1;9
"GEL_Lit_44103";"1452290";"Gravel";1;117
"LPS_Out_35360";"1452290";"";1;49
"LPS_Lit_44104";"4307677";"Landslide";1;4
"LPS_Out_35619_100";"5151939";"";1;1
"GRA_Out_43725";"4409945";"";1;1
"LPI_Lit_34590";"1452334";"Landslide";1;39
"LPI_Lit_34590";"1452334";"Gravel";1;7
"LPI_Out_36782";"1452334";"";1;9
"LPI_Lit_34508";"1452334";"Gravel";1;6
"LPI_Lit_41175";"1452334";"Landslide";1;2
"LPI_Lit_36782";"1452334";"Landslide";1;8
"LPI_Lit_36782";"1452334";"Gravel";1;13
"LPS_Out_35619_200";"1452334";"";1;1
"LPI_Lit_34508";"1452334";"Landslide";1;4
"LPS_Lit_44104";"2308302";"Landslide";1;5
"LPI_Lit_43018";"2308302";"Gravel";1;1
"LMI_Lit_43732";"2308302";"Right";1;1
"LPI_Out_43018";"2308302";"";1;3
"LPI_Out_44104";"2308302";"";1;2
"MAT_Inl_43727";"2308302";"";1;6
"LPS_Lit_43018";"2308302";"Landslide";1;6
"CAP_Lit_43726";"2308302";"Left";1;1
"LPS_Lit_43748";"2308302";"Gravel";1;33
"MAT_Lit_43727";"2308302";"Left";1;1
"LPI_Out_43748";"2308302";"";1;5
"LVS_Lit_44091";"2308302";"Right";1;4
"LMI_Lit_44084";"2308302";"Right";1;1
"MAT_Out_43727";"2308302";"";1;2
"LMS_Out_43732";"2308302";"";1;1
"LVS_Lit_43733";"2308302";"Littoral";1;13
"LPS_Out_41175";"gr_2308302";"";1;3
"LPI_Lit_33470";"1452956";"Gravel";1;1
"LPS_Inl_35262_1";"1452954";"";1;2
"LPS_Lit_34233";"1452954";"Rock face";1;1
"LPS_Lit_36095";"1452954";"Rock face";1;4
"LPS_Inl_35262_2";"1452954";"";1;3
"LPS_Lit_34590";"1452954";"Gravel";1;3
"LPS_Out_35647";"7349179";"";1;4
"LPS_Out_35724";"7349179";"";1;4
"LPS_Out_35689";"7349179";"";1;1
"LPS_Out_35619_100";"7349179";"";1;1
"LPS_Out_35262";"7349179";"";1;1
"LPS_Out_34590";"7349179";"";1;1
"LPS_Out_34898";"7349179";"";1;1
"LPS_Out_35619_200";"7349179";"";1;2
"LPS_Out_36782";"7349179";"";1;24
"LPI_Lit_33470";"3340";"Gravel";1;2
"LMS_Lit_43732";"3340";"Right";1;4
"LPI_Lit_34590";"3340";"Gravel";1;1
"LMI_Lit_43732";"3340";"Right";1;3
"LPI_Lit_33407";"3340";"Gravel";1;1
"LPI_Lit_33435";"3340";"Gravel";1;1
"LMS_Out_43732";"3340";"";1;9
"LPI_Lit_41175";"3340";"Gravel";1;2
"LMI_Lit_44084";"3340";"Left";1;5
"LMS_Lit_43732";"3340";"Left";1;26
"LMI_Lit_43732";"3340";"Left";1;6
"LPS_Out_34590";"3340";"";1;1
"LMS_Lit_43732";"2308345";"Left";1;4
"LPI_Lit_43748";"2308345";"Gravel near inlet";1;2
"LPI_Lit_43748";"2308345";"Gravel";1;9
"LPI_Out_41175";"2308345";"";1;1
"LPI_Out_33742";"2308345";"";1;6
"LPS_Lit_43748";"2308345";"Gravel";1;6
"LPI_Out_34590";"2308345";"";1;2
"LPI_Out_43748";"2308345";"";1;2
"LPI_Inl_43748";"2308345";"";1;2
"GEL_Lit_43727";"2308345";"Gravel";1;3
"LMI_Lit_43732";"2308345";"Right";1;4
"LPS_Lit_44104";"2308345";"Landslide";1;61
"GRA_Lit_43725";"2308345";"Right";1;2
"LPS_Out_43748";"2308345";"";1;1
"MAT_Out_43727";"2308345";"";1;2
"LMS_Lit_43732";"2308345";"Right";1;27
"LPI_Lit_43018";"2308345";"Landslide";1;1
"LMI_Out_43732";"2308345";"";1;30
"GEL_Lit_43727";"2308345";"Gravel-Sand";1;1
"LMI_Out_44084";"2308345";"";1;1
"GRA_Lit_43725";"2308345";"Left";1;11
"LPS_Lit_41520";"2308345";"Gravel";1;23
"LPI_Out_43018";"2308345";"";1;1
"LPS_Lit_43748";"2308345";"Landslide";1;125
"LPS_Inl_35360_2";"1445723";"";1;1
"LPS_Out_34590";"1445723";"";1;1
"LPS_Lit_35262";"1445723";"Gravel";1;2
"LPI_Out_33470";"1445723";"";1;2
"LPI_Lit_33742";"1445723";"Gravel";1;12
"LPI_Out_36782_100";"1445723";"";1;7
"LPI_Out_33498";"1445723";"";1;2
"LPM_Lit_33792";"1445723";"Gravel";1;1
"LPS_Inl_35619_1";"1445723";"";1;9
"LPM_Lit_33525";"1445723";"Gravel";1;8
"LPI_Out_34590";"1445723";"";1;1
"LPS_Out_35689";"1445723";"";1;3
"LPI_Lit_34508";"1445723";"Gravel";1;1
"LPI_Lit_33470";"1445723";"Landslide";1;1
"LPS_Out_35647";"1445723";"";1;2
"LPS_Inl_34975_2";"1445723";"";1;15
"LPS_Inl_35262_2";"1445723";"";1;4
"LPS_Lit_35997";"1445723";"Rock face";1;4
"LPS_Out_34898";"1445723";"";1;3
"LPS_Inl_35619_2";"1445723";"";1;2
"LPM_Lit_36781";"1445723";"Gravel near inlet";1;5
"LPS_Inl_34898_2";"1445723";"";1;5
"LPS_Out_35262";"1445723";"";1;1
"LPS_Out_35619_200";"1445723";"";1;2
"LPI_Out_33435";"1445723";"";1;5
"LPI_Lit_33771";"1445723";"Gravel";1;1
"LPS_Out_35724";"1445723";"";1;3
"LPS_Out_35619_100";"1445723";"";1;1
"LPI_Inl_34233";"1445723";"";1;1
"LPI_Lit_33771";"1445723";"Landslide";1;2
"LPM_Lit_33792";"1445723";"Boulders";1;2
"LPS_Lit_35317";"3343";"Gravel";1;1
"LPS_Lit_33498";"3343";"Rock face";1;1
"LPS_Lit_33470";"3343";"Gravel";1;1
"LPS_Lit_43748";"1448033";"Gravel";1;2
"LPS_Lit_41520";"1453087";"Rock face";1;1
"LMS_Lit_43732";"8026284";"Right";1;2
"LMI_Lit_44084";"8026284";"Left";1;1
"GRA_Lit_43725";"8026284";"Right";1;1
"LMS_Out_43732";"8026284";"";1;2
"LPI_Out_43748";"8026284";"";1;31
"MAT_Inl_44103";"8026284";"";1;1
"GRA_Lit_43725";"8026284";"Left";1;1
"LPI_Out_44104";"8026284";"";1;1
"MAT_Inl_43727";"8026284";"";1;3
"LPS_Lit_44104";"8026284";"Landslide";1;4
"GRA_Lit_44089";"8026284";"Right";1;1
"LMI_Lit_43732";"8026284";"Right";1;1
"LPI_Lit_43018";"8026284";"Landslide";1;1
"LPI_Lit_43748";"8026284";"Gravel";1;1
"LPS_Lit_43748";"8026284";"Gravel";1;18
"LPS_Lit_43018";"8026284";"Landslide";1;2
"LVS_Out_43733";"8026284";"";1;1
"LMI_Out_43732";"8026284";"";1;2
"LVM_Lit_44091";"8026284";"Left";1;9
"MAT_Lit_44103";"8026284";"Left";1;1
"CAP_Lit_43726";"8026284";"Left";1;1
"LPI_Out_43018";"8026284";"";1;1
"LMI_Out_44084";"8026284";"";1;3
"LVS_Lit_43733";"8026284";"Littoral";1;28
"LMS_Lit_43732";"8026284";"Left";1;1
"LVM_Inl_43733";"8026284";"";1;2
"LVM_Lit_43733";"8026284";"Left";1;38
"LPI_Lit_44104";"8026284";"Gravel";1;1
"LPS_Lit_44104";"8026284";"Gravel";1;11
"LVS_Lit_44091";"8026284";"Right";1;7
"MAT_Out_43727";"8026284";"";1;2
"LPI_Lit_34508";"1470";"Landslide";1;1
"LPS_Out_41175";"1455447";"";1;3
"LPI_Out_36782_100";"1455447";"";1;6
"LPI_Out_34590_200";"1455447";"";1;1
"LPI_Lit_33498";"1452255";"Landslide";1;105
"LPI_Lit_34233";"1452255";"Gravel";1;5
"LPI_Out_33498";"1452255";"";1;2
"LPI_Lit_33407";"1452255";"Gravel";1;6
"LPI_Lit_33771";"1452255";"Gravel";1;26
"LPI_Out_34590";"1452255";"";1;1
"LPS_Lit_33498";"1452255";"Rock face";1;1
"LPS_Out_34590";"1452255";"";1;5
"LPI_Lit_41175";"1452255";"Gravel";1;2
"LPS_Out_35689";"1452255";"";1;123
"LPS_Out_34541";"1452255";"";1;170
"LPI_Inl_34233";"1452255";"";1;3
"LPM_Lit_33792";"1452255";"Gravel";1;1
"LPI_Lit_34590";"1452255";"Landslide";1;13
"LPI_Out_33435";"1452255";"";1;12
"LPI_Lit_33435";"1452255";"Gravel";1;53
"LPI_Out_33771";"1452255";"";1;65
"LPI_Out_34508";"1452255";"";1;10
"LPM_Lit_33792";"1452255";"Boulders";1;1
"LPI_Lit_33435";"1452255";"Landslide";1;27
"LPI_Out_33470";"1452255";"";1;4
"LPI_Lit_33771";"1452255";"Landslide";1;14
"LPS_Lit_36067";"1452255";"Landslide";1;1
"LPS_Out_34975";"1452255";"";1;1
"LPI_Lit_33470";"1452255";"Gravel";1;1
"LPI_Out_34590_200";"1452255";"";1;1
"LPI_Lit_33470";"1452255";"Landslide";1;12
"LPI_Out_34590_200";"1454015";"";1;8
"MAT_Lit_44103";"1454015";"Right";1;1
"LPI_Out_33498";"1454015";"";1;2
"MAT_Lit_43727";"1454015";"Right";1;6
"GRA_Out_44089";"1454015";"";1;1
"LPI_Out_36782_100";"1454015";"";1;3
"LPS_Out_36782";"1454015";"";1;5
"CAP_Out_43726";"1454015";"";1;16
"LPI_Lit_44104";"1454015";"Landslide";1;1
"LPI_Out_43748";"1454015";"";1;36
"LMS_Out_43732";"1454015";"";1;3
"LVS_Out_43733";"1454015";"";1;3
"LPI_Out_33470";"1454015";"";1;2
"LPI_Inl_44104";"1454015";"";1;6
"MAT_Lit_43727";"1454015";"Left";1;1
"LPI_Out_33771";"1454015";"";1;1
"CAP_Out_44082";"1454015";"";1;1
"LPS_Out_34541";"1454015";"";1;1
"LPI_Out_34590_100";"1454015";"";1;2
"GRA_Out_43725";"1454015";"";1;9
"GRA_Lit_44089";"1454015";"Right";1;1
"LPS_Lit_34177";"3346";"Gravel";1;8
"LPS_Lit_35997";"3346";"Gravel";1;30
"LPS_Inl_34898_1";"1452630";"";1;3
"LPS_Out_36412";"1452630";"";1;161
"LPS_Out_35689";"1452630";"";1;2
"LPS_Out_41175";"1452630";"";1;52
"LPS_Out_35647";"1452630";"";1;1
"LPS_Out_36782";"1452630";"";1;42
"LPS_Out_34975";"1452630";"";1;2
"LPS_Out_34541";"1452630";"";1;53
"LPS_Out_35619_100";"1452630";"";1;24
"LPS_Out_35619_200";"1452630";"";1;14
"LPS_Out_34898";"1452630";"";1;40
"LPS_Inl_35619_1";"1452630";"";1;3
"LPS_Out_35724";"1452630";"";1;3
"LPS_Out_34590";"2004434";"";1;1
"LPS_Out_34590";"1441847";"";1;1
"LPS_Out_35647";"1452638";"";1;6
"LPS_Out_34898";"1452638";"";1;30
"LPS_Out_41175";"1452638";"";1;6
"LPS_Out_35619_100";"1452638";"";1;18
"LPS_Out_35689";"1452638";"";1;3
"LPS_Out_34541";"1452638";"";1;137
"LPS_Out_35724";"1452638";"";1;2
"LPS_Out_35619_200";"1452638";"";1;2
"LPS_Out_41175";"4801602";"";1;7
"LPS_Out_41175";"1441830";"";1;19
"CAP_Out_43726";"1446479";"";1;7
"CAP_Lit_43726";"1446479";"Left";1;65
"LMI_Lit_44084";"1446404";"Right";1;1
"LPI_Lit_33771";"1635616";"Gravel";1;3
"LPI_Lit_41175";"1635616";"Gravel";1;2
"LPI_Lit_33742";"1635616";"Gravel";1;2
"LPI_Lit_33435";"1635616";"Gravel";1;1
"LPM_Lit_33525";"8545211";"Gravel";1;1
"LPI_Lit_44104";"8545211";"Landslide";1;2
"LPM_Lit_33792";"8545211";"Boulders";1;1
"LPS_Out_44104";"8545211";"";1;25
"LPS_Out_35317";"8545211";"";1;10
"LPI_Out_33742";"8545211";"";1;1
"LPS_Out_43748";"8545211";"";1;35
"LPM_Lit_36781";"8545211";"Gravel near inlet";1;1
"LPS_Out_35262";"8545211";"";1;14
"LPI_Out_34508";"8545211";"";1;2
"LPS_Inl_34975_1";"tribe_1447076";"";1;1
"CAP_Lit_44082";"1446357";"Left";1;180
"LVM_Lit_43733";"1446357";"Left";1;2
"CAP_Lit_43726";"1446357";"Right";1;110
"CAP_Lit_44082";"1446357";"Right";1;26
"LMI_Lit_43732";"1446357";"Left";1;3
"CAP_Out_44082";"1446357";"";1;2
"LMI_Lit_43732";"1446357";"Right";1;4
"LVS_Lit_43733";"1446357";"Littoral";1;1
"LPS_Lit_33470";"811";"Rock face";1;4
"LPS_Lit_33470";"811";"Gravel";1;5
"LPS_Lit_33771";"811";"Rock face";1;3
"LPS_Lit_33792";"811";"Rock face";1;6
"LPI_Lit_33771";"811";"Landslide";1;3
"LPS_Lit_33813";"811";"Gravel";1;1
"LPS_Lit_33792";"811";"Gravel";1;3
"LPS_Lit_33861";"811";"Rock face";1;1
"LPM_Lit_34233";"811";"Gravel";1;1
"LPI_Lit_33407";"811";"Gravel";1;1
"LPI_Out_34508";"811";"";1;1
"LPM_Lit_33525";"7824";"Gravel";1;1
"LPS_Lit_34590";"7824";"Gravel";1;1
"LPS_Lit_34541";"7824";"Rock face";1;2
"LPS_Lit_36782";"7824";"Gravel";1;2
"LPS_Lit_36412";"7824";"Gravel";1;1
"LPS_Lit_34177";"7824";"Gravel";1;3
"LPI_Out_34590";"1452887";"";1;1
"LPI_Out_34590_100";"1452887";"";1;9
"LPI_Out_34590_200";"1452887";"";1;25
"LPS_Out_35619_200";"1452850";"";1;106
"MAT_Out_43727";"1452850";"";1;2
"LPS_Out_35647";"1452850";"";1;13
"LPS_Out_34975";"1452850";"";1;3
"LPS_Out_35724";"1452850";"";1;12
"LPS_Out_35619_100";"1452850";"";1;101
"LPS_Inl_34898_2";"1452850";"";1;1
"LPI_Out_34590_200";"1452850";"";1;7
"LPS_Out_35317";"1452850";"";1;7
"MAT_Lit_44103";"1452850";"Right";1;1
"LPS_Out_34898";"1452850";"";1;240
"CAP_Out_44082";"1452850";"";1;5
"MAT_Inl_43727";"1452850";"";1;45
"MAT_Inl_44103";"1452850";"";1;32
"LPS_Out_35262";"1452850";"";1;1086
"LPS_Out_41175";"1452850";"";1;42
"LPS_Out_35689";"1452850";"";1;1
"MAT_Lit_43727";"1452850";"Left";1;1
"MAT_Inl_43727";"1452882";"";1;1
"LPS_Out_35724";"1452882";"";1;1
"LPI_Out_34508";"1452882";"";1;1
"LPI_Out_34590_200";"1452882";"";1;28
"LPS_Out_35619_100";"1452882";"";1;2
"LPS_Out_34898";"1452882";"";1;3
"LPS_Out_36782";"1452882";"";1;5
"LPS_Out_35689";"1452882";"";1;2
"LMS_Out_43732";"1452882";"";1;5
"LPI_Out_33435";"1452882";"";1;3
"LPI_Out_34233";"1452882";"";1;1
"LMI_Out_44084";"1446158";"";1;2
"LMS_Lit_43732";"1446158";"Left";1;19
"LVM_Lit_44091";"1446158";"Left";1;1
"LMI_Lit_43732";"1446158";"Left";1;3
"LMI_Lit_44084";"1446158";"Left";1;3
"LVM_Lit_43733";"1446158";"Left";1;3
"LMS_Lit_43732";"1446158";"Right";1;33
"LPS_Lit_43018";"1446158";"Rock face";1;2
"LMI_Out_43732";"1446158";"";1;4
"LMI_Lit_43732";"1446158";"Right";1;8
"LPI_Out_36782_100";"gr_4481450";"";1;7
"MAT_Out_43727";"1452842";"";1;6
"MAT_Out_44103";"1452842";"";1;2
"MAT_Lit_43727";"1452842";"Right";1;3
"GRA_Lit_43725";"1452842";"Right";1;2
"LVS_Out_43733";"1452842";"";1;25
"CAP_Out_43726";"1452842";"";1;259
"GRA_Out_44089";"1452842";"";1;3
"LVM_Inl_43733";"1452842";"";1;2
"MAT_Inl_44103";"1452842";"";1;11
"MAT_Inl_43727";"1452842";"";1;45
"GRA_Out_43725";"1452842";"";1;1
"LVM_Out_43733";"1452842";"";1;3
"CAP_Out_44082";"1452842";"";1;3
"GRA_Lit_44089";"1452842";"Right";1;1
"MAT_Lit_44103";"1452842";"Left";1;1
"LMI_Out_44084";"4411080";"";1;1
"LMI_Lit_44084";"4411080";"Right";1;5
"LMI_Lit_43732";"4411080";"Left";1;4
"LMS_Lit_43732";"4411080";"Right";1;5
"LMI_Out_43732";"4411080";"";1;2
"MAT_Out_43727";"2307762";"";1;2
"MAT_Lit_44103";"4481461";"Left";1;2
"MAT_Out_44103";"4481461";"";1;6
"MAT_Out_43727";"4481461";"";1;8
"LPS_Out_34541";"1442259";"";1;1
"MAT_Inl_44103";"1408837";"";1;3
"MAT_Out_43727";"1408837";"";1;13
"LPI_Out_36782_100";"1033468";"";1;1
"LPM_Lit_33525";"9483";"Gravel";1;2
"LPS_Out_35619_200";"9483";"";1;2
"LPS_Out_36782";"9483";"";1;13
"LPS_Out_35689";"9483";"";1;3
"LPS_Inl_35619_2";"9483";"";1;1
"LPS_Out_35647";"9483";"";1;3
"LPS_Out_35619_100";"9483";"";1;5
"LPS_Out_34898";"9483";"";1;1
"LPS_Lit_33813";"3565";"Rock face";1;2
"LPS_Out_35647";"3565";"";1;27
"LPS_Lit_34898";"3565";"Gravel";1;14
"LPS_Lit_33498";"3565";"Gravel";1;50
"LPS_Lit_36067";"3565";"Rock face";1;3
"LPS_Lit_33813";"3565";"Gravel";1;29
"LPI_Out_33470";"3565";"";1;3
"LPS_Lit_35619";"3565";"Landslide";1;4
"LPS_Lit_33792";"3565";"Rock face";1;1
"LPS_Lit_35689";"3565";"Gravel";1;78
"LPS_Lit_34541";"3565";"Gravel";1;32
"LPS_Lit_36782";"3565";"Gravel";1;3
"LPS_Lit_33792";"3565";"Gravel";1;6
"LPS_Lit_35360";"3565";"Gravel";1;6
"LPS_Out_34541";"3565";"";1;8
"LPS_Inl_35619_2";"3565";"";1;128
"LPS_Lit_36412";"3565";"Rock face";1;1
"LPS_Inl_34975_1";"3565";"";1;62
"LPI_Out_34590_100";"3565";"";1;5
"LPI_Out_34508";"3565";"";1;3
"LPI_Lit_34508";"3565";"Gravel";1;9
"LPS_Lit_33470";"3565";"Gravel";1;7
"LPS_Inl_35647";"3565";"";1;12
"LPS_Lit_36782";"3565";"Rock face";1;3
"LPS_Lit_34590";"3565";"Rock face";1;8
"LPS_Inl_35360_1";"3565";"";1;50
"LPS_Out_36782";"3565";"";1;27
"LPS_Inl_34975_2";"3565";"";1;70
"LPS_Out_43748";"3565";"";1;1
"LPM_Lit_36781";"3565";"Boulders";1;22
"LPS_Lit_34975";"3565";"Gravel";1;14
"LVS_Lit_44091";"3565";"Right";1;1
"LPS_Lit_35262";"3565";"Gravel";1;80
"LPI_Out_34590";"3565";"";1;23
"LPI_Lit_33498";"3565";"Gravel";1;12
"MAT_Lit_44103";"3565";"Left";1;1
"LPS_Lit_36067";"3565";"Gravel";1;28
"LPS_Lit_35724";"3565";"Rock face";1;40
"LPM_Lit_33525";"3565";"Gravel";1;6
"LPS_Inl_35262_2";"3565";"";1;106
"LPS_Inl_34898_2";"3565";"";1;64
"LPI_Out_36782_100";"3565";"";1;13
"LPS_Lit_35724";"3565";"Gravel";1;12
"LPS_Lit_43018";"3565";"Landslide";1;4
"LPS_Lit_35997";"3565";"Gravel";1;7
"LPS_Lit_43748";"3565";"Landslide";1;126
"LPS_Lit_35997";"3565";"Rock face";1;16
"LPS_Lit_33498";"3565";"Rock face";1;1
"LPS_Lit_33771";"3565";"Rock face";1;25
"LPM_Lit_36781";"3565";"Gravel";1;6
"LPI_Lit_36782";"3565";"Gravel";1;8
"LPS_Lit_35724";"3565";"Landslide";1;62
"LPS_Lit_36095";"3565";"Rock face";1;4
"LPS_Out_34590";"3565";"";1;24
"LPS_Lit_35647";"3565";"Rock face";1;5
"LPS_Lit_44104";"3565";"Gravel";1;1
"LPI_Lit_33435";"3565";"Gravel";1;43
"LPS_Inl_35262_1";"3565";"";1;33
"LPS_Out_35360";"3565";"";1;20
"LPI_Out_43018";"3565";"";1;8
"LPS_Out_35689";"3565";"";1;40
"LPS_Lit_34177";"3565";"Gravel";1;1
"LPI_Out_33742";"3565";"";1;1
"LPI_Lit_43748";"3565";"Gravel";1;1
"LPI_Out_34233";"3565";"";1;1
"LPS_Lit_34541";"3565";"Rock face";1;3
"LPS_Out_35724";"3565";"";1;10
"LPS_Out_34898";"3565";"";1;42
"LPS_Inl_35360_2";"3565";"";1;8
"LPS_Inl_34898_1";"3565";"";1;17
"LPS_Lit_35619";"3565";"Gravel";1;19
"LPS_Lit_36067";"3565";"Landslide";1;602
"LPS_Out_35317";"3565";"";1;1
"LPI_Lit_34590";"3565";"Gravel";1;107
"LPM_Lit_36781";"3565";"Gravel near inlet";1;9
"LPI_Inl_43748";"3565";"";1;2
"LPS_Lit_35647";"3565";"Landslide";1;222
"LPI_Lit_33771";"3565";"Gravel";1;56
"LPS_Lit_44104";"3565";"Landslide";1;1
"LPS_Lit_34590";"3565";"Gravel";1;42
"LPI_Out_33435";"3565";"";1;3
"LPS_Lit_35262";"3565";"Landslide";1;34
"LPS_Lit_33861";"3565";"Gravel";1;22
"LVS_Lit_43733";"3565";"Littoral";1;3
"LPI_Lit_43748";"3565";"Gravel near inlet";1;2
"LPI_Lit_33498";"3565";"Landslide";1;2
"LPS_Lit_33861";"3565";"Rock face";1;182
"LPI_Out_34590_200";"3565";"";1;3
"LPI_Out_36782";"3565";"";1;16
"LPI_Lit_33407";"3565";"Gravel";1;76
"LPI_Out_33771";"3565";"";1;65
"LPS_Lit_36782";"3565";"Landslide";1;136
"LPI_Lit_33742";"3565";"Gravel";1;288
"LPS_Inl_35619_1";"3565";"";1;15
"LPS_Lit_34975";"3565";"Landslide";1;73
"LPI_Lit_34233";"3565";"Gravel";1;8
"LPS_Lit_35317";"3565";"Landslide";1;6
"LPI_Lit_36782";"3565";"Landslide";1;3
"LPS_Lit_35997";"3565";"Landslide";1;62
"LPI_Lit_33771";"3565";"Landslide";1;26
"LMI_Out_43732";"3565";"";1;2
"LPS_Lit_36095";"3565";"Gravel";1;36
"LPS_Lit_35689";"3565";"Landslide";1;11
"MAT_Out_43727";"3565";"";1;3
"LPS_Out_34975";"3565";"";1;1
"LPS_Lit_36095";"3565";"Landslide";1;266
"LPS_Lit_35647";"3565";"Gravel";1;3
"LPS_Out_35619_200";"3565";"";1;16
"LPS_Out_35619_100";"3565";"";1;3
"LPS_Out_35262";"3565";"";1;163
"LPI_Out_43748";"3565";"";1;5
"LPS_Lit_35317";"3565";"Gravel";1;20
"LPI_Lit_33470";"3565";"Gravel";1;46
"LPI_Out_33498";"3565";"";1;2
"LPM_Lit_33792";"3565";"Gravel";1;26
"LPS_Lit_44104";"3565";"Rock face";1;1
"LPS_Lit_33435";"3565";"Gravel";1;4
"LMS_Out_43732";"3565";"";1;1
"LPS_Lit_33435";"3565";"Rock face";1;1
"LPS_Lit_43748";"3565";"Gravel";1;3
"LPM_Lit_33792";"3565";"Boulders";1;4
"LPM_Lit_34233";"3565";"Gravel";1;16
"MAT_Out_43727";"2308266";"";1;1
"LMS_Lit_43732";"10869541";"Left";1;1
"LMS_Out_43732";"10869541";"";1;2
"LPS_Out_34590";"sub_1449235";"";1;1
"LPS_Out_34541";"sub_1449235";"";1;6
"LPI_Out_33771";"sub_1449235";"";1;15
"LPS_Out_34975";"sub_1449235";"";1;2
"LPS_Out_36782";"sub_1449235";"";1;9
"LPI_Out_33470";"sub_1449235";"";1;1
"LPI_Out_33498";"sub_1449235";"";1;1
"LPS_Inl_34975_2";"sub_1449235";"";1;3
"LPI_Out_34590_200";"sub_1449235";"";1;30
"LPI_Out_34590";"sub_1449235";"";1;67
"LPI_Out_34233";"sub_1449235";"";1;1
"LPS_Inl_34898_2";"sub_1449235";"";1;3
"LPI_Out_33435";"sub_1449235";"";1;3
"LPI_Out_34590_100";"sub_1449235";"";1;42
"LPI_Out_34508";"sub_1449235";"";1;43
"LPS_Out_35689";"sub_1449235";"";1;1
"LPS_Out_35724";"sub_1449235";"";1;53
"LPS_Inl_35619_2";"sub_1449235";"";1;1
"LPS_Out_34541";"1452831";"";1;439
"LPS_Out_34590";"1452831";"";1;13
"LPI_Out_43748";"1452831";"";1;6
"LPI_Out_34590_100";"1452831";"";1;34
"LPS_Lit_34233";"1452831";"Rock face";1;1
"LPI_Out_34590_200";"1452831";"";1;45
"LPI_Out_43018";"1452831";"";1;2
"LPS_Out_35689";"1452831";"";1;7
"LPI_Out_36782_100";"1452831";"";1;7
"LPI_Out_34590_100";"sub_5734043";"";1;1
"LPS_Out_36782";"2180513";"";1;2
"LPS_Out_34975";"2180513";"";1;2
"LPS_Out_35724";"2180513";"";1;5
"LPS_Out_34590";"2180513";"";1;28
"LPS_Out_35647";"2180513";"";1;19
"LPS_Out_36782";"4541733";"";1;1
"LPI_Lit_43748";"2308358";"Gravel";1;1
"LPI_Lit_34233";"2501742";"Gravel";1;1
"LPI_Inl_34233";"2501742";"";1;1
"LPI_Lit_33435";"1451071";"Landslide";1;1
"LPI_Lit_33771";"1451071";"Landslide";1;3
"LPS_Lit_35262";"8402570";"Gravel";1;2
"LPS_Lit_35262";"8402570";"Rock face";1;1
"LPS_Lit_35317";"8402570";"Landslide";1;1
"LPM_Lit_36781";"1446335";"Boulders";1;25
"CAP_Lit_44082";"1446335";"Right";1;10
"LMI_Lit_43732";"1446335";"Right";1;5
"LPS_Lit_35647";"1446335";"Rock face";1;1
"LPI_Lit_36782";"1446335";"Landslide";1;23
"GEL_Lit_43727";"1446335";"Gravel";1;13
"LPS_Lit_36412";"1446335";"Gravel";1;8
"LMS_Out_43732";"1446335";"";1;23
"LPS_Lit_33435";"1446335";"Rock face";1;3
"GEL_Lit_43727";"1446335";"Gravel-Sand";1;89
"LPI_Lit_36782";"1446335";"Gravel";1;103
"LPM_Lit_33525";"1446335";"Gravel";1;116
"LPS_Lit_35724";"1446335";"Landslide";1;204
"LPS_Lit_35724";"1446335";"Gravel";1;128
"LMS_Lit_43732";"1446335";"Right";1;70
"LPS_Lit_34975";"1446335";"Rock face";1;1
"LPI_Lit_44104";"1446335";"Gravel near inlet";1;4
"LPS_Lit_35689";"1446335";"Gravel";1;6
"LPS_Lit_36782";"1446335";"Rock face";1;209
"LPM_Lit_36781";"1446335";"Gravel near inlet";1;133
"LPS_Lit_34233";"1446335";"Rock face";1;1
"GRA_Lit_43725";"1446335";"Right";1;12
"CAP_Out_43726";"1446335";"";1;2
"LPS_Lit_36782";"1446335";"Gravel";1;142
"LPS_Lit_33498";"1446335";"Rock face";1;54
"LPS_Lit_35647";"1446335";"Gravel";1;1
"LPS_Lit_44104";"1446335";"Rock face";1;206
"LPI_Out_44104";"1446335";"";1;3
"LPS_Lit_44104";"1446335";"Landslide";1;48
"LMI_Lit_43732";"1446335";"Left";1;5
"LPS_Lit_43748";"1446335";"Rock face";1;128
"LPI_Lit_43018";"1446335";"Gravel";1;2
"LPS_Lit_36782";"1446335";"Landslide";1;419
"LPM_Lit_36781";"1446335";"Gravel";1;28
"LMI_Lit_44084";"1446335";"Left";1;1
"GEL_Lit_44103";"1446335";"Gravel-Sand";1;414
"LPI_Lit_43748";"1446335";"Gravel";1;17
"LPS_Lit_36067";"1446335";"Gravel";1;3
"LPS_Lit_35317";"1446335";"Rock face";1;39
"CAP_Lit_43726";"1446335";"Left";1;4
"LPS_Lit_43018";"1446335";"Rock face";1;61
"LPS_Lit_33813";"1446335";"Rock face";1;3
"MAT_Lit_44103";"1446335";"Left";1;1
"LPS_Lit_33498";"1446335";"Gravel";1;19
"LPI_Lit_43748";"1446335";"Landslide";1;4
"LPS_Lit_36412";"1446335";"Rock face";1;59
"LPS_Lit_35317";"1446335";"Gravel";1;3
"LPI_Lit_43018";"1446335";"Landslide";1;6
"LPS_Lit_35689";"1446335";"Landslide";1;1
"LPS_Lit_35317";"1446335";"Landslide";1;15
"LPS_Lit_35724";"1446335";"Rock face";1;77
"LPS_Lit_43748";"1446335";"Gravel";1;37
"GRA_Lit_44089";"1446335";"Left";1;4
"LPS_Lit_35647";"1446335";"Landslide";1;1
"LVS_Lit_44091";"1446335";"Right";1;2
"LPS_Lit_41520";"1446335";"Rock face";1;2
"LPM_Lit_33792";"1446335";"Boulders";1;8
"LPS_Lit_36067";"1446335";"Landslide";1;1
"GRA_Lit_43725";"1446335";"Left";1;14
"LPM_Lit_32798";"1446335";"Gravel";1;122
"LPS_Lit_36412";"1446335";"Landslide";1;81
"LPM_Lit_34233";"1446335";"Gravel";1;31
"LPI_Lit_34508";"1446335";"Landslide";1;4
"LPM_Lit_33792";"1446335";"Gravel";1;374
"LMS_Lit_43732";"1446335";"Left";1;3
"LPS_Lit_43748";"1446335";"Landslide";1;45
"GEL_Lit_44103";"1446335";"Gravel";1;110
"LMI_Out_43732";"1446335";"";1;6
"GRA_Lit_44089";"1446335";"Right";1;65
"GRA_Out_44089";"1446335";"";1;1
"GRA_Out_43725";"1446335";"";1;8
"LPS_Lit_44104";"1446335";"Gravel";1;157
"LPI_Out_36782";"1446335";"";1;9
"LPI_Lit_43748";"1446335";"Gravel near inlet";1;25
"MAT_Out_43727";"1446335";"";1;5
"CAP_Lit_43726";"1446335";"Right";1;15
"LPS_Lit_43018";"1446335";"Landslide";1;86
"LPS_Out_36412";"4307624";"";1;11
"LPS_Out_41175";"4307624";"";1;27
"LPS_Out_35619_100";"1447036";"";1;2
"LPS_Out_35647";"1447036";"";1;8
"LPS_Out_36782";"1447036";"";1;11
"LPS_Out_34898";"1447036";"";1;89
"LPS_Out_35724";"1447036";"";1;12
"LPS_Out_35689";"1447036";"";1;88
"LPS_Out_43748";"1447036";"";1;1
"LPS_Out_35262";"1447036";"";1;53
"LPS_Out_34590";"1447036";"";1;80
"GRA_Lit_44089";"1447036";"Right";1;1
"LPM_Lit_32798";"1447036";"Gravel";1;1
"LPS_Out_35317";"1447036";"";1;5
"LPS_Out_34541";"1447036";"";1;46
"LPS_Out_34975";"1447036";"";1;31
"LPS_Out_36412";"1447036";"";1;29
"LPS_Out_35360";"1447036";"";1;30
"LPS_Out_35647";"1451068";"";1;1
"LPS_Out_35262";"1451068";"";1;1
"LPI_Inl_34233";"1446312";"";1;10
"LPI_Lit_33435";"1446312";"Landslide";1;1
"LPI_Lit_34233";"1446312";"Gravel";1;6
"LPI_Lit_34590";"1446312";"Gravel";1;4
"LPI_Lit_33771";"1446312";"Landslide";1;27
"LPS_Out_35724";"1446312";"";1;2
"LPI_Lit_33742";"1446312";"Gravel";1;1
"LPI_Lit_33470";"1446312";"Gravel";1;14
"LPI_Lit_33435";"1446312";"Gravel";1;1
"LPI_Lit_33498";"1446312";"Gravel";1;19
"LPI_Lit_33771";"1446312";"Gravel";1;1
"LPI_Lit_33470";"1446312";"Landslide";1;25
"LPI_Out_33771";"1446312";"";1;1
"LPI_Lit_33407";"1446312";"Gravel";1;17
"LPS_Out_34590";"1446312";"";1;2
"LPI_Lit_33498";"1446312";"Landslide";1;51
"LPM_Lit_36781";"3264603";"Gravel near inlet";1;1
"MAT_Out_43727";"3264603";"";1;4
"LPS_Inl_35647";"sub_4520043";"";1;1
"LPS_Out_36412";"4652007";"";1;24
"LPS_Out_41175";"4652007";"";1;14
"LPS_Out_44104";"4652007";"";1;1
"LPS_Out_44104";"7830";"";1;1
"LPI_Out_43748";"7830";"";1;1
"LPS_Lit_36067";"fe_118888";"Gravel";1;1
"LPS_Lit_35647";"fe_118888";"Gravel";1;1
"LPS_Lit_34590";"fe_118888";"Gravel";1;3
"LPS_Lit_33792";"fe_118888";"Rock face";1;1
"LPS_Lit_34590";"fe_118888";"Rock face";1;1
"LPM_Lit_36781";"fe_118888";"Gravel";1;21
"LPS_Lit_34898";"fe_118888";"Rock face";1;1
"LPI_Lit_33435";"fe_118888";"Gravel";1;1
"LPS_Lit_35317";"fe_118888";"Rock face";1;2
"LPS_Lit_33435";"fe_118888";"Rock face";1;2
"LPS_Lit_36782";"fe_118888";"Rock face";1;1
"LPS_Lit_33771";"fe_118888";"Rock face";1;1
"LPS_Lit_35647";"fe_118888";"Landslide";1;2
"LPS_Lit_34541";"fe_118888";"Gravel";1;1
"LPS_Lit_33792";"fe_118888";"Gravel";1;4
"LPS_Lit_33435";"fe_118888";"Gravel";1;4
"LPS_Lit_36067";"fe_118888";"Rock face";1;4
"LPM_Lit_36781";"fe_118888";"Gravel near inlet";1;11
"LPS_Lit_35317";"fe_118888";"Landslide";1;12
"LPS_Lit_33813";"fe_118888";"Gravel";1;1
"LPI_Lit_33498";"fe_118888";"Gravel";1;1
"LPS_Lit_33498";"fe_118888";"Gravel";1;2
"LPS_Lit_33470";"fe_118888";"Gravel";1;15
"LPS_Lit_36067";"fe_118888";"Landslide";1;1
"LPM_Lit_36781";"fe_118888";"Boulders";1;8
"LPM_Lit_34233";"fe_118888";"Gravel";1;1
"LPI_Out_36782_100";"1431357";"";1;1
"LPI_Out_33470";"2180436";"";1;2
"LPS_Out_35647";"2004102";"";1;8
"LPI_Out_36782_100";"2004102";"";1;12
"LPI_Inl_44104";"2004102";"";1;6
"LPS_Out_44104";"2004102";"";1;3
"LPS_Out_35724";"2004106";"";1;2
"LPS_Out_36782";"2004106";"";1;13
"LPI_Out_34590_200";"2003678";"";1;2
"LPS_Out_35689";"2003678";"";1;1
"LPI_Out_36782_100";"2003678";"";1;11
"LPI_Out_34508";"1456540";"";1;3
"LPS_Out_34541";"1456540";"";1;26
"LPS_Out_35317";"1456540";"";1;5
"LPS_Out_34898";"1456540";"";1;103
"LPS_Out_34590";"1456540";"";1;4
"LPS_Out_35689";"1456540";"";1;2
"LPS_Out_35619_100";"1456540";"";1;2
"LPS_Out_35262";"1456540";"";1;114
"LPS_Out_35647";"1456540";"";1;4
"LPI_Out_34508";"4540463";"";1;4
"LPI_Lit_34508";"4540463";"Gravel";1;1
"LPI_Lit_33407";"4540463";"Gravel";1;1
"LPS_Lit_34590";"4540463";"Rock face";1;1
"LPI_Lit_33498";"4540463";"Landslide";1;1
"LPI_Lit_33771";"4540463";"Gravel";1;1
"LPI_Inl_34233";"4540463";"";1;3
"LPS_Lit_33792";"4540463";"Rock face";1;1
"LPI_Lit_33498";"4540463";"Gravel";1;1
"LPI_Lit_33470";"4540463";"Landslide";1;4
"LPI_Lit_34590";"4540463";"Landslide";1;3
"LPI_Lit_34590";"4540463";"Gravel";1;2
"LPI_Lit_33470";"4540463";"Gravel";1;1
"LPI_Lit_33771";"4540463";"Landslide";1;4
"LPI_Lit_34508";"2001897";"Landslide";1;1
"LPM_Lit_33792";"4540557";"Gravel";1;11
"LPM_Lit_34233";"4540557";"Gravel";1;5
"LPM_Lit_33792";"4540557";"Boulders";1;19
"LPM_Lit_36781";"4540505";"Boulders";1;3
"LPM_Lit_36781";"4540480";"Gravel";1;14
"LPM_Lit_36781";"4540480";"Boulders";1;8
"LPM_Lit_36781";"4540534";"Boulders";1;2
"LPS_Out_36782";"4540534";"";1;2
"LPI_Lit_36782";"4540534";"Gravel";1;1
"LPM_Lit_36781";"4540534";"Gravel near inlet";1;2
"LPI_Lit_44104";"2308023";"Gravel";1;1
"LMS_Lit_43732";"2308023";"Left";1;3
"LMI_Out_44084";"1034345";"";1;1
"LPM_Lit_36781";"9080199";"Boulders";1;1
"LPM_Lit_36781";"9080199";"Gravel";1;4
"LPS_Out_35619_100";"10278948";"";1;39
"LPS_Out_34898";"10278948";"";1;3
"MAT_Inl_43727";"10278948";"";1;23
"LPS_Out_34541";"10278948";"";1;2
"LPS_Out_35689";"10278948";"";1;108
"LPI_Out_41175";"10278948";"";1;1
"LPI_Inl_44104";"10278948";"";1;2
"LPI_Out_36782_100";"10278948";"";1;10
"LPS_Out_35317";"10278948";"";1;17
"LPM_Lit_33525";"10278948";"Gravel";1;7
"MAT_Inl_44103";"10278948";"";1;3
"LPS_Out_35724";"10278948";"";1;11
"LPS_Out_36782";"10278948";"";1;85
"LPS_Out_35262";"10278948";"";1;12
"LPS_Out_34975";"10278948";"";1;21
"LPM_Lit_32798";"10278948";"Gravel";1;3
"LMS_Out_43732";"10278948";"";1;51
"LPS_Out_35360";"10278948";"";1;46
"LPI_Out_43748";"10278948";"";1;1
"LPS_Out_34590";"10278948";"";1;55
"LPS_Out_35647";"10278948";"";1;50
"LPI_Out_34590_200";"2998";"";1;1
"LPS_Lit_33792";"4396";"Gravel";1;10
"LPS_Out_35689";"4396";"";1;5
"LPS_Inl_34975_2";"4396";"";1;2
"LPS_Out_34541";"4396";"";1;1
"LPS_Lit_36067";"4396";"Gravel";1;1
"LPS_Lit_36095";"4396";"Rock face";1;1
"LPS_Lit_33498";"4396";"Rock face";1;1
"LPI_Lit_34590";"4396";"Landslide";1;1
"CAP_Out_43726";"4396";"";1;2
"LPI_Out_41175";"4396";"";1;2
"LPS_Inl_34898_2";"4396";"";1;38
"LPS_Lit_33792";"4396";"Rock face";1;5
"LPS_Inl_35360_2";"4396";"";1;30
"LPS_Lit_34590";"4396";"Rock face";1;2
"LPS_Lit_33435";"4396";"Gravel";1;15
"LPS_Lit_34177";"4396";"Gravel";1;8
"LPS_Lit_36095";"4396";"Landslide";1;3
"LPS_Lit_35647";"4396";"Gravel";1;3
"LPS_Out_35724";"4396";"";1;1
"LPS_Lit_35647";"4396";"Rock face";1;8
"LPS_Out_35262";"4396";"";1;1
"LPS_Out_34898";"4396";"";1;3
"LPS_Lit_33498";"4396";"Gravel";1;2
"LPI_Lit_36782";"4396";"Gravel";1;4
"LPS_Lit_35997";"4396";"Rock face";1;84
"LPS_Inl_35262_2";"4396";"";1;13
"LPS_Lit_33470";"4396";"Rock face";1;14
"LPS_Lit_34541";"4396";"Gravel";1;14
"LPS_Lit_35647";"4396";"Landslide";1;7
"LPS_Lit_35317";"4396";"Rock face";1;2
"LPI_Out_36782_100";"4396";"";1;1
"LPS_Lit_35262";"4396";"Rock face";1;72
"LPS_Lit_33813";"4396";"Gravel";1;51
"LPM_Lit_36781";"4396";"Gravel";1;3
"LPI_Out_36782";"4396";"";1;2
"LPS_Lit_35262";"4396";"Gravel";1;30
"LPS_Lit_34898";"4396";"Rock face";1;11
"LPS_Lit_36095";"4396";"Gravel";1;3
"LPS_Lit_36067";"4396";"Landslide";1;1
"LPI_Lit_36782";"4396";"Landslide";1;2
"LPI_Out_33498";"4396";"";1;2
"LPS_Lit_35619";"4396";"Landslide";1;1
"LVM_Inl_44091";"4396";"";1;2
"LPS_Lit_33435";"4396";"Rock face";1;1
"LPS_Lit_35619";"4396";"Gravel";1;68
"LPS_Lit_34898";"4396";"Gravel";1;43
"LPI_Out_43748";"4396";"";1;9
"LPS_Out_34590";"4396";"";1;4
"LPS_Out_36782";"4396";"";1;3
"LPS_Lit_33470";"4396";"Gravel";1;20
"LPS_Out_41175";"4396";"";1;255
"LPI_Inl_44104";"4396";"";1;1
"LPS_Lit_35997";"4396";"Gravel";1;83
"LPS_Lit_35619";"4396";"Rock face";1;63
"LPS_Lit_36067";"4396";"Rock face";1;12
"LPS_Inl_35647";"8610323";"";1;1
"LPS_Lit_35317";"8610323";"Gravel";1;1
"LPS_Inl_35619_1";"8610323";"";1;1
"LPS_Lit_35724";"8610323";"Gravel";1;1
"LPS_Lit_34541";"8610323";"Rock face";1;62
"LPS_Inl_34898_2";"8610323";"";1;1
"LPS_Lit_35647";"8610323";"Gravel";1;2
"LPS_Lit_34898";"8610323";"Gravel";1;2
"LPS_Lit_34590";"1454396";"Rock face";1;13
"LPS_Inl_35360_2";"1454396";"";1;2
"LPS_Inl_34898_1";"1454396";"";1;4
"LPS_Lit_36095";"1454396";"Rock face";1;6
"LPS_Lit_35689";"1454396";"Rock face";1;3
"LPS_Inl_34975_1";"1454396";"";1;2
"LPS_Inl_35262_1";"1454396";"";1;3
"LPI_Lit_41175";"1454396";"Gravel";1;8
"LPI_Lit_36782";"1454396";"Gravel";1;1
"LPS_Lit_34590";"1454396";"Gravel";1;1
"LPI_Lit_33742";"1454396";"Gravel";1;2
"LPS_Lit_36412";"1454396";"Gravel";1;5
"CAP_Lit_44082";"1454396";"Left";1;2
"LMI_Lit_44084";"1454396";"Right";1;2
"LPS_Lit_33470";"1454396";"Rock face";1;1
"LPM_Lit_34233";"1454396";"Gravel";1;1
"LPI_Lit_33407";"1454396";"Gravel";1;1
"LPM_Lit_36781";"1454396";"Boulders";1;2
"LPS_Lit_33861";"1454396";"Gravel";1;20
"LPS_Inl_34975_2";"1454396";"";1;8
"LPS_Inl_35262_2";"1454396";"";1;15
"LMI_Lit_44084";"1454396";"Left";1;1
"LPI_Lit_34590";"1454396";"Gravel";1;28
"LPI_Lit_34233";"1454396";"Gravel";1;7
"LPS_Lit_35262";"1454396";"Gravel";1;1
"LPS_Lit_34975";"1454396";"Gravel";1;1
"LPS_Out_36782";"1454396";"";1;1
"LPI_Inl_34233";"1454396";"";1;3
"LPS_Inl_35619_1";"1454396";"";1;2
"LPI_Out_34590_100";"1454396";"";1;3
"LPS_Lit_35997";"1454396";"Rock face";1;1
"LPS_Lit_33792";"1454396";"Gravel";1;1
"LPI_Out_34590";"1454396";"";1;4
"LPS_Lit_36067";"1454396";"Rock face";1;1
"LPS_Lit_33470";"1454396";"Gravel";1;6
"LPS_Inl_34898_2";"1454396";"";1;18
"LPS_Lit_43748";"1454396";"Gravel";1;1
"LPI_Lit_43748";"1454396";"Gravel near inlet";1;1
"LPS_Inl_34898_2";"5580";"";1;1
"LPS_Out_44104";"5580";"";1;1
"LPS_Inl_35262_1";"5580";"";1;2
"LPS_Inl_34898_1";"5580";"";1;1
"LPS_Lit_34975";"5580";"Rock face";1;1
"LPI_Out_34590";"5580";"";1;3
"LPS_Out_35689";"5580";"";1;1
"MAT_Inl_44103";"5580";"";1;2
"LPS_Lit_36782";"5580";"Gravel";1;1
"LPS_Out_34541";"5580";"";1;3
"GRA_Lit_44089";"5580";"Right";1;2
"LPM_Lit_33525";"5580";"Gravel";1;13
"LPS_Inl_35619_2";"5580";"";1;2
"LPS_Out_34898";"5580";"";1;2
"LPS_Inl_34975_2";"5580";"";1;1
"LPS_Out_35724";"5580";"";1;1
"LPI_Out_43748";"5580";"";1;1
"LPS_Out_35619_100";"5580";"";1;1
"LPS_Lit_35262";"5580";"Rock face";1;2
"LPI_Out_44104";"5580";"";1;1
"LPS_Inl_35360_1";"5580";"";1;1
"MAT_Out_43727";"6103";"";1;1
"LPI_Lit_33742";"6964";"Gravel";1;2
"LPS_Lit_36782";"6964";"Gravel";1;10
"LPI_Lit_34233";"6964";"Gravel";1;1
"LPS_Lit_35724";"6964";"Gravel";1;3
"LPI_Lit_36782";"6964";"Landslide";1;6
"LPI_Lit_43748";"6964";"Gravel near inlet";1;12
"MAT_Inl_43727";"6964";"";1;1
"LPI_Lit_33771";"6964";"Landslide";1;5
"LMI_Lit_43732";"6964";"Left";1;6
"GRA_Lit_43725";"6964";"Right";1;1
"LVM_Inl_43733";"6964";"";1;2
"LPS_Out_43748";"6964";"";1;4
"LMI_Out_44084";"6964";"";1;2
"LVS_Lit_44091";"6964";"Right";1;3
"LPI_Lit_33498";"6964";"Landslide";1;1
"LMI_Lit_44084";"6964";"Right";1;3
"LPS_Out_35647";"6964";"";1;1
"LPI_Out_36782";"6964";"";1;6
"LMI_Lit_44084";"6964";"Left";1;1
"LMI_Out_43732";"6964";"";1;1
"GRA_Lit_44089";"6964";"Right";1;7
"LPI_Lit_33498";"6964";"Gravel";1;8
"LPS_Lit_33498";"6964";"Gravel";1;1
"LPM_Lit_36781";"6964";"Boulders";1;24
"LVS_Lit_43733";"6964";"Littoral";1;3
"LMS_Lit_43732";"6964";"Left";1;1
"LPS_Out_35619_100";"6964";"";1;1
"LPS_Out_35689";"6964";"";1;9
"LPS_Lit_43748";"6964";"Rock face";1;2
"LVM_Lit_44091";"6964";"Left";1;3
"LPS_Out_34590";"6964";"";1;3
"GRA_Lit_44089";"6964";"Left";1;1
"MAT_Inl_44103";"6964";"";1;2
"GRA_Lit_43725";"6964";"Left";1;11
"LPI_Out_34590";"6964";"";1;3
"LPM_Lit_36781";"6964";"Gravel near inlet";1;36
"LPI_Inl_34233";"6964";"";1;2
"LPI_Lit_34590";"6964";"Gravel";1;20
"LPS_Lit_43748";"6964";"Gravel";1;75
"LVM_Lit_43733";"6964";"Left";1;3
"LPI_Lit_36782";"6964";"Gravel";1;7
"LPS_Lit_43018";"6964";"Rock face";1;1
"LPM_Lit_36781";"6964";"Gravel";1;30
"LPS_Lit_34541";"6964";"Gravel";1;2
"LPI_Lit_43018";"6964";"Landslide";1;1
"LPI_Out_36782_100";"6964";"";1;1
"CAP_Lit_43726";"6964";"Left";1;5
"LPS_Lit_44104";"1447580";"Landslide";1;5
"MAT_Lit_44103";"1447580";"Left";1;40
"LVM_Inl_44091";"1447580";"";1;1
"LPS_Lit_36412";"1447580";"Landslide";1;1
"LVS_Lit_43733";"1447580";"Littoral";1;1
"CAP_Lit_44082";"1447580";"Left";1;4
"CAP_Lit_44082";"1447580";"Right";1;1
"LPS_Lit_44104";"1447580";"Gravel";1;3
"CAP_Lit_43726";"1447580";"Right";1;4
"MAT_Inl_43727";"1447580";"";1;3
"MAT_Lit_44103";"1447580";"Right";1;45
"CAP_Out_44082";"1447580";"";1;4
"MAT_Lit_43727";"1447580";"Left";1;68
"LPS_Lit_43748";"1447580";"Gravel";1;2
"LPS_Lit_43748";"1447580";"Rock face";1;1
"LPS_Lit_36412";"1447580";"Rock face";1;3
"LPI_Lit_34590";"1449165";"Gravel";1;14
"LPI_Lit_34590";"1449165";"Landslide";1;23
"LPS_Lit_36095";"1449165";"Rock face";1;1
"LPI_Lit_34508";"1449165";"Landslide";1;13
"LPS_Lit_35317";"1449165";"Gravel";1;55
"LPS_Lit_36067";"1449165";"Landslide";1;3
"MAT_Out_43727";"2308281";"";1;1
"CAP_Out_44082";"2308356";"";1;1
"LPI_Out_34590";"1449214";"";1;8
"LPI_Out_34590_100";"1449214";"";1;8
"LPS_Out_41175";"1442446";"";1;7
"LPS_Lit_35317";"1449058";"Gravel";1;70
"LPS_Lit_36412";"1449058";"Gravel";1;5
"LPS_Lit_36782";"1449058";"Rock face";1;10
"LPS_Lit_35647";"1449058";"Rock face";1;3
"LPS_Lit_33861";"1449058";"Gravel";1;2
"LPS_Lit_35317";"1449058";"Rock face";1;10
"LPS_Lit_36782";"1449058";"Gravel";1;10
"LPS_Lit_35689";"1449058";"Gravel";1;1
"LPS_Out_35724";"1449058";"";1;3
"LPS_Inl_35647";"1449058";"";1;64
"LPS_Lit_35647";"1449058";"Gravel";1;19
"LPS_Lit_33813";"1449058";"Gravel";1;42
"LPS_Lit_35724";"1449058";"Rock face";1;4
"LPS_Lit_35619";"1449058";"Rock face";1;1
"LPS_Lit_36782";"1449058";"Landslide";1;6
"LPS_Out_35647";"1449058";"";1;6
"LPS_Out_35619_100";"1449058";"";1;3
"LPS_Lit_35647";"1449058";"Landslide";1;23
"LPS_Lit_35689";"1449058";"Rock face";1;1
"LPS_Lit_33470";"1449058";"Gravel";1;2
"LPS_Lit_33498";"1449058";"Gravel";1;205
"LPS_Lit_35317";"1449058";"Landslide";1;3
"LPS_Out_34898";"1449058";"";1;5
"LPS_Out_35262";"1449058";"";1;1
"LPS_Lit_35724";"1449058";"Gravel";1;5
"LPS_Out_35360";"1449058";"";1;1
"LPS_Lit_34975";"1449058";"Gravel";1;1
"LPS_Lit_33498";"1449058";"Rock face";1;15
"LPS_Lit_34975";"1449058";"Rock face";1;6
"LPS_Lit_33813";"1449058";"Rock face";1;5
"LPI_Lit_43748";"gr1_1449019";"Gravel near inlet";1;85
"LPI_Out_33742";"gr1_1449019";"";1;2
"LPI_Out_43748";"gr1_1449019";"";1;2
"LPI_Lit_43748";"gr1_1449019";"Gravel";1;60
"LPI_Lit_43018";"gr1_1449019";"Landslide";1;3
"LPI_Lit_44104";"gr1_1449019";"Gravel near inlet";1;1
"LPI_Lit_44104";"gr2_1449019";"Landslide";1;1
"LPI_Lit_43748";"gr2_1449019";"Gravel";1;10
"LPI_Out_43748";"gr2_1449019";"";1;2
"LPI_Lit_44104";"gr2_1449019";"Gravel near inlet";1;3
"LPI_Inl_44104";"gr2_1449019";"";1;1
"LPS_Lit_44104";"gr2_1449019";"Rock face";1;1
"LPI_Lit_43018";"gr2_1449019";"Landslide";1;3
"LPI_Lit_44104";"gr2_1449019";"Gravel";1;1
"LPS_Lit_43018";"gr2_1449019";"Rock face";1;10
"LPI_Out_33498";"gr2_1449019";"";1;2
"LPI_Out_44104";"gr2_1449019";"";1;2
"LPI_Lit_43748";"gr2_1449019";"Gravel near inlet";1;162
"GEL_Lit_43727";"1447525";"Gravel-Sand";1;7
"LPS_Lit_36782";"1447525";"Rock face";1;1
"GEL_Lit_44103";"1447525";"Gravel";1;3
"MAT_Lit_43727";"1447525";"Right";1;37
"LPM_Lit_32798";"1447525";"Gravel";1;1
"LPS_Lit_36782";"1447525";"Landslide";1;1
"LPI_Lit_33771";"1447525";"Gravel";1;1
"LPI_Lit_33407";"1447525";"Gravel";1;2
"LPI_Lit_36782";"1447525";"Gravel";1;5
"LPI_Lit_33498";"1447525";"Gravel";1;2
"LPI_Lit_34590";"1447525";"Gravel";1;2
"CAP_Lit_43726";"1447525";"Left";1;19
"LPI_Lit_36782";"1447525";"Landslide";1;1
"LVM_Inl_43733";"1447525";"";1;5
"GEL_Lit_44103";"1447525";"Gravel-Sand";1;3
"LPS_Lit_35317";"1447525";"Gravel";1;1
"LPI_Out_34590";"1450156";"";1;3
"MAT_Inl_43727";"1449019";"";1;2
"GEL_Lit_43727";"1449019";"Gravel-Sand";1;3
"LVS_Out_44091";"1449019";"";1;2
"LVM_Inl_43733";"1449019";"";1;35
"LPI_Lit_33498";"1449019";"Gravel";1;324
"LPM_Lit_36781";"1449019";"Boulders";1;4
"LPI_Out_33498";"1449019";"";1;5
"LMI_Out_43732";"1449019";"";1;187
"GEL_Lit_44103";"1449019";"Gravel";1;29
"LPI_Lit_36782";"1449019";"Landslide";1;43
"LPI_Lit_33498";"1449019";"Landslide";1;165
"LPI_Lit_33771";"1449019";"Gravel";1;3
"LVM_Out_44091";"1449019";"";1;5
"CAP_Out_43726";"1449019";"";1;3
"LPI_Lit_33435";"1449019";"Landslide";1;2
"GEL_Lit_44103";"1449019";"Gravel-Sand";1;100
"LPS_Lit_36412";"1449019";"Landslide";1;1
"LPS_Lit_36782";"1449019";"Gravel";1;1
"LMS_Out_43732";"1449019";"";1;209
"LMI_Out_44084";"1449019";"";1;1
"LPM_Lit_36781";"1449019";"Gravel near inlet";1;6
"LPM_Lit_34233";"1449019";"Gravel";1;1
"LPI_Lit_33771";"1449019";"Landslide";1;5
"LPI_Lit_33407";"1449019";"Gravel";1;71
"LPI_Lit_33435";"1449019";"Gravel";1;3
"LPM_Lit_33792";"1449019";"Gravel";1;1
"LPI_Out_36782";"1449019";"";1;4
"LPI_Lit_34233";"1449019";"Gravel";1;23
"LVS_Lit_43733";"1449019";"Littoral";1;7
"LPI_Inl_34233";"1449019";"";1;33
"LPS_Lit_36412";"1449019";"Rock face";1;15
"LPI_Lit_33470";"1449019";"Landslide";1;61
"LPM_Lit_32798";"1449019";"Gravel";1;1
"LVM_Out_43733";"1449019";"";1;1
"LPI_Lit_34508";"1449019";"Gravel";1;1
"LPI_Lit_36782";"1449019";"Gravel";1;52
"LPI_Out_33470";"1449019";"";1;5
"LVS_Out_43733";"1449019";"";1;11
"LPM_Lit_36781";"1449019";"Gravel";1;17
"LPI_Lit_33470";"1449019";"Gravel";1;309
"LVS_Lit_44091";"1449019";"Right";1;14
"LPI_Lit_41175";"1449019";"Gravel";1;4
"LPI_Lit_33742";"1449019";"Gravel";1;1
"LPS_Lit_34975";"5564";"Landslide";1;1
"LPS_Lit_35647";"5564";"Landslide";1;2
"LPS_Inl_35360_2";"5564";"";1;1
"LPS_Lit_35689";"5564";"Landslide";1;1
"LPI_Out_34590";"5564";"";1;1
"LPS_Lit_35262";"5564";"Landslide";1;3
"CAP_Lit_44082";"2308090";"Left";1;4
"LPI_Lit_43748";"2308090";"Gravel near inlet";1;3
"CAP_Lit_44082";"2308090";"Right";1;1
"LPI_Out_43748";"2308090";"";1;4
"LPI_Lit_43018";"2308090";"Gravel";1;8
"LPI_Out_44104";"2308090";"";1;4
"LMI_Lit_44084";"2308090";"Left";1;1
"LPI_Lit_44104";"2308090";"Gravel";1;163
"CAP_Lit_43726";"2308090";"Right";1;16
"LPI_Lit_43748";"2308090";"Landslide";1;2
"LPI_Inl_43748";"2308090";"";1;1
"CAP_Out_43726";"2308090";"";1;14
"LPI_Lit_43748";"2308090";"Gravel";1;143
"LPI_Out_33742";"2002881";"";1;5
"LPI_Lit_33407";"2002881";"Gravel";1;4
"LPI_Lit_33435";"2002881";"Landslide";1;4
"LPI_Out_33435";"2002881";"";1;3
"LPI_Inl_43748";"2002881";"";1;1
"LPI_Out_34590";"2002881";"";1;9
"LPM_Lit_34233";"2002881";"Gravel";1;10
"LPI_Lit_34233";"2002881";"Gravel";1;20
"LPI_Inl_34233";"2002881";"";1;2
"LPS_Out_34975";"2002881";"";1;1
"LPI_Out_36782";"2002881";"";1;3
"LPI_Lit_33771";"2002881";"Landslide";1;32
"LPI_Out_33771";"2002881";"";1;59
"LPI_Lit_33498";"2002881";"Gravel";1;1
"LPI_Lit_33771";"2002881";"Gravel";1;3
"LPI_Lit_33742";"2002881";"Gravel";1;9
"LPI_Lit_33470";"2002881";"Landslide";1;2
"LPI_Out_34233";"2002881";"";1;4
"LPI_Out_34508";"2002881";"";1;12
"LPS_Out_34590";"2002881";"";1;1
"LPI_Out_33498";"2002881";"";1;1
"LPS_Out_34541";"2002881";"";1;1
"MAT_Inl_43727";"2002881";"";1;15
"LPI_Lit_33435";"2002881";"Gravel";1;8
"LMS_Out_43732";"2002881";"";1;98
"LPS_Out_34898";"2002881";"";1;7
"LPI_Lit_36782";"2002881";"Landslide";1;3
"LPI_Lit_34508";"2002881";"Landslide";1;12
"LPI_Lit_36782";"2002881";"Gravel";1;41
"LPI_Lit_34590";"2002881";"Landslide";1;8
"LVM_Inl_43733";"2002881";"";1;2
"LVS_Out_44091";"2002881";"";1;45
"LPM_Lit_34233";"2308095";"Gravel";1;52
"LPI_Lit_33771";"2308095";"Gravel";1;152
"LVS_Out_43733";"2308095";"";1;380
"MAT_Lit_43727";"2308095";"Left";1;20
"LPI_Inl_44104";"2308095";"";1;161
"LMI_Out_44084";"2308095";"";1;5
"LPI_Lit_44104";"2308095";"Gravel near inlet";1;1
"LPI_Inl_43748";"2308095";"";1;130
"LPI_Out_33742";"2308095";"";1;3
"LPS_Out_35619_100";"2308095";"";1;1
"LPI_Lit_33498";"2308095";"Gravel";1;11
"CAP_Lit_44082";"2308095";"Right";1;1
"LPI_Lit_33435";"2308095";"Gravel";1;105
"LMI_Lit_44084";"2308095";"Left";1;2
"LMS_Lit_43732";"2308095";"Right";1;7
"GRA_Out_43725";"2308095";"";1;38
"CAP_Lit_43726";"2308095";"Right";1;3
"LMI_Lit_43732";"2308095";"Left";1;4
"LPI_Out_44104";"2308095";"";1;82
"MAT_Lit_43727";"2308095";"Right";1;2
"LMI_Lit_43732";"2308095";"Right";1;1
"LPI_Lit_43748";"2308095";"Landslide";1;1
"LPI_Lit_44104";"2308095";"Gravel";1;12
"LVM_Inl_43733";"2308095";"";1;11
"LPI_Lit_33470";"2308095";"Gravel";1;153
"LMS_Out_43732";"2308095";"";1;57
"LPI_Lit_43748";"2308095";"Gravel near inlet";1;2
"LPS_Out_41175";"2308095";"";1;22
"LPI_Out_43748";"2308095";"";1;161
"LVM_Lit_43733";"2308095";"Left";1;3
"GRA_Out_44089";"2308095";"";1;104
"LPI_Lit_33407";"2308095";"Gravel";1;3
"LPI_Out_34590";"2308095";"";1;7
"CAP_Lit_44082";"2308095";"Left";1;3
"LPI_Lit_34508";"2308095";"Gravel";1;2
"LPI_Out_43018";"2308095";"";1;175
"LPI_Lit_33742";"2308095";"Gravel";1;86
"CAP_Lit_43726";"2308095";"Left";1;2
"MAT_Lit_44103";"2308095";"Left";1;2
"LVM_Out_43733";"2308095";"";1;68
"LMI_Out_43732";"2308095";"";1;69
"LPI_Out_41175";"2308095";"";1;360
"LPI_Lit_34233";"2308095";"Gravel";1;97
"MAT_Out_43727";"2308095";"";1;247
"CAP_Out_43726";"2308095";"";1;175
"LPS_Out_36412";"2308095";"";1;18
"LPI_Out_36782_100";"2308095";"";1;37
"LPI_Inl_34233";"2308095";"";1;1
"LMS_Lit_43732";"2308095";"Left";1;56
"LVM_Inl_44091";"2308095";"";1;1
"LPI_Out_33498";"2308095";"";1;5
"LPS_Out_35619_200";"2308095";"";1;1
"LPI_Lit_34590";"2308095";"Gravel";1;602
"LPI_Lit_36782";"2308095";"Landslide";1;4
"LPS_Out_43748";"2308095";"";1;2
"LPI_Out_33470";"2308095";"";1;3
"LPI_Lit_33407";"1456376";"Gravel";1;1
"LPI_Lit_33771";"1456376";"Gravel";1;3
"LPI_Lit_34590";"1456376";"Gravel";1;4
"LPS_Lit_35317";"1456376";"Rock face";1;1
"LPI_Lit_43748";"1456376";"Gravel";1;1
"LPI_Lit_34508";"1456376";"Gravel";1;1
"LPI_Lit_33435";"1456376";"Gravel";1;4
"LPI_Lit_33742";"1456376";"Gravel";1;1
"LPI_Lit_33470";"1456376";"Gravel";1;1
"LPS_Out_35619_200";"2003419";"";1;7
"LPI_Out_36782_100";"2003419";"";1;16
"LPM_Lit_36781";"2002691";"Gravel near inlet";1;2
"LPM_Lit_33792";"2002691";"Boulders";1;3
"LPM_Lit_36781";"2002691";"Gravel";1;8
"GRA_Lit_43725";"2002691";"Left";1;9
"LPM_Lit_36781";"2002691";"Boulders";1;4
"LPI_Lit_43748";"2002691";"Gravel near inlet";1;13
"GRA_Lit_44089";"2002691";"Right";1;41
"GRA_Lit_44089";"2002691";"Left";1;1
"GRA_Out_44089";"2002691";"";1;3
"LPM_Lit_34233";"2308091";"Gravel";1;4
"LPM_Lit_36781";"2308091";"Boulders";1;9
"LPM_Lit_36781";"6960";"Gravel";1;15
"LMI_Out_43732";"9563151";"";1;3
"LMI_Out_44084";"9563151";"";1;1
"CAP_Out_43726";"9563151";"";1;2
"GRA_Out_44089";"9563151";"";1;8
"MAT_Out_43727";"9563151";"";1;9
"LMS_Out_43732";"9563151";"";1;2
"LPI_Lit_43748";"9563151";"Gravel";1;1
"MAT_Lit_43727";"9563151";"Left";1;1
"LPM_Lit_32798";"2001440";"Gravel";1;34
"LPM_Lit_33525";"2001440";"Gravel";1;8
"LPI_Lit_43018";"2997";"Landslide";1;1
"LPI_Out_43748";"2997";"";1;4
"MAT_Lit_43727";"2997";"Left";1;1
"GRA_Lit_43725";"2997";"Right";1;1
"LPI_Out_41175";"2997";"";1;20
"LPI_Out_34590_200";"2997";"";1;6
"LVM_Inl_44091";"2997";"";1;15
"LVM_Out_43733";"2997";"";1;46
"LPS_Out_43748";"2997";"";1;3
"LPI_Out_44104";"2997";"";1;1
"LPI_Out_43018";"2997";"";1;2
"LPI_Out_36782";"2997";"";1;1
"LPI_Lit_34508";"2997";"Gravel";1;2
"LPI_Lit_36782";"2997";"Landslide";1;2
"LPM_Lit_33525";"2997";"Gravel";1;14
"LPI_Lit_41175";"2997";"Gravel";1;4
"LPI_Lit_34590";"2997";"Gravel";1;43
"MAT_Inl_43727";"2997";"";1;21
"LVM_Out_44091";"2997";"";1;56
"LPI_Lit_34508";"2997";"Landslide";1;8
"MAT_Out_44103";"2997";"";1;6
"LMS_Out_43732";"2997";"";1;158
"LMI_Out_43732";"2997";"";1;1
"MAT_Inl_44103";"2997";"";1;8
"LPI_Out_34590_100";"2997";"";1;10
"GRA_Lit_43725";"2997";"Left";1;31
"LPI_Out_34508";"2997";"";1;3
"LMI_Out_44084";"2997";"";1;9
"LPS_Out_35619_100";"2997";"";1;3
"LVM_Inl_43733";"2997";"";1;13
"LPI_Lit_36782";"2997";"Gravel";1;3
"LPS_Out_34541";"2997";"";1;1
"LPS_Out_35262";"2997";"";1;1
"LPI_Inl_43748";"2997";"";1;40
"LPI_Out_34590";"2997";"";1;8
"LPI_Lit_34590";"2997";"Landslide";1;31
"LPS_Out_35647";"2997";"";1;1
"LPI_Out_33435";"1456357";"";1;25
"LPI_Out_34590";"1456357";"";1;6
"LPI_Out_33771";"1456357";"";1;1
"LPI_Out_36782_100";"1456357";"";1;1
"LPI_Inl_44104";"1456357";"";1;2
"LPI_Out_34590_200";"1456357";"";1;25
"LPI_Out_33470";"1456357";"";1;2
"LPI_Out_34590_100";"1456357";"";1;9
"LPI_Out_34508";"1456357";"";1;1
"LMS_Lit_43732";"1456357";"Left";1;2
"LPM_Lit_36781";"4405305";"Gravel";1;1
"LPM_Lit_36781";"4405305";"Gravel near inlet";1;5
"LPI_Out_36782_100";"1437449";"";1;3
"LPI_Lit_33435";"1437449";"Gravel";1;3
"LPI_Out_34590_100";"1437449";"";1;1
"LPI_Out_34590_200";"1437449";"";1;1
"LPI_Lit_36782";"1437449";"Landslide";1;1
"LPI_Out_33470";"1437449";"";1;1
"LPI_Out_34233";"1437449";"";1;1
"LPI_Out_33435";"1437449";"";1;2
"LPI_Out_33498";"1437449";"";1;1
"LPI_Out_41175";"1437449";"";1;2
"LPI_Lit_36782";"1437449";"Gravel";1;1
"LPI_Out_34590";"1437449";"";1;2
"CAP_Out_43726";"1437449";"";1;1
"LMI_Lit_43732";"1428715";"Left";1;13
"LMI_Lit_44084";"1428715";"Left";1;1
"LPS_Out_41175";"1447202";"";1;66
"LPS_Out_36412";"1447202";"";1;27
"LPI_Out_34590_100";"1447202";"";1;2
"LPS_Out_34898";"1447202";"";1;1
"LPS_Out_35619_100";"1447202";"";1;1
"LPS_Out_34541";"1447202";"";1;1
"LPS_Lit_33498";"4540392";"Rock face";1;7
"LPS_Lit_35317";"4540392";"Gravel";1;1
"LPS_Lit_36782";"4540392";"Rock face";1;3
"LPS_Lit_33498";"4540392";"Gravel";1;1
"LPS_Lit_33470";"4540392";"Rock face";1;3
"LPS_Lit_34541";"4540392";"Gravel";1;2
"LPM_Lit_36781";"4540392";"Boulders";1;6
"LPS_Lit_35317";"4540392";"Rock face";1;1
"LPS_Lit_34898";"4540392";"Gravel";1;1
"LPS_Lit_33813";"4540392";"Rock face";1;2
"LPS_Lit_35647";"4540392";"Gravel";1;2
"LPS_Lit_33470";"4540392";"Gravel";1;4
"LPM_Lit_36781";"4540392";"Gravel";1;5
"LPS_Lit_34541";"4540392";"Rock face";1;22
"LPS_Lit_33813";"4540392";"Gravel";1;6
"LPS_Lit_35619";"4540392";"Gravel";1;1
"LPS_Lit_35619";"4540392";"Rock face";1;4
"LPI_Lit_33771";"4540388";"Gravel";1;4
"LPS_Inl_35262_2";"4540388";"";1;9
"LPS_Lit_35997";"4540388";"Landslide";1;1
"LPI_Lit_33771";"4540388";"Landslide";1;17
"LPI_Lit_34508";"4540388";"Gravel";1;4
"LPI_Lit_34590";"4540388";"Gravel";1;1
"LPM_Lit_34233";"4540388";"Gravel";1;2
"LPI_Lit_33435";"4540388";"Gravel";1;1
"LPS_Lit_35997";"4540388";"Rock face";1;20
"LPM_Lit_33792";"4540388";"Boulders";1;10
"LPM_Lit_33792";"4540388";"Gravel";1;7
"LPS_Lit_35997";"4540388";"Gravel";1;4
"LPI_Lit_34590";"4540388";"Landslide";1;1
"LPI_Lit_33498";"4540388";"Landslide";1;1
"LPS_Lit_33498";"1650073";"Gravel";1;15
"LPS_Inl_34898_2";"1650073";"";1;3
"LPS_Lit_33435";"1650073";"Gravel";1;5
"LPS_Lit_33813";"1650073";"Rock face";1;8
"LPS_Lit_35619";"1650073";"Gravel";1;2
"LPS_Lit_34541";"1650073";"Rock face";1;8
"LPS_Lit_35647";"1650073";"Rock face";1;2
"LPS_Lit_33435";"1650073";"Rock face";1;3
"LPS_Lit_33813";"1650073";"Gravel";1;6
"LPS_Lit_33470";"1650073";"Gravel";1;24
"LPS_Lit_34541";"1650073";"Gravel";1;63
"LPS_Inl_35647";"1650073";"";1;1
"LPS_Inl_35262_2";"1650073";"";1;9
"LPI_Lit_33435";"1650073";"Gravel";1;3
"LPS_Lit_35262";"1650073";"Landslide";1;1
"LPS_Lit_35262";"1650073";"Gravel";1;9
"LPS_Lit_35619";"1650073";"Landslide";1;1
"LPS_Lit_33792";"1650073";"Gravel";1;5
"LPS_Lit_35262";"1650073";"Rock face";1;2
"LPS_Out_41175";"8166676";"";1;9
"LPM_Lit_33525";"8166676";"Gravel";1;3
"LMI_Lit_44084";"1428581";"Right";1;1
"LPM_Lit_33525";"fe_407917";"Gravel";1;2
"LPS_Out_35724";"fe_407917";"";1;1
"MAT_Lit_43727";"1447114";"Right";1;1
"LPI_Out_34590_200";"1447114";"";1;42
"LPI_Out_34590";"1447114";"";1;12
"LPI_Out_43018";"1447114";"";1;10
"MAT_Inl_43727";"1447114";"";1;12
"LPS_Out_43748";"1447114";"";1;27
"LPS_Out_44104";"1447114";"";1;35
"LPI_Out_34590_100";"1447114";"";1;24
"LPI_Out_44104";"1447114";"";1;47
"LVM_Inl_43733";"1447114";"";1;5
"CAP_Out_43726";"1447114";"";1;2
"LPI_Inl_44104";"1447114";"";1;2
"LPI_Inl_43748";"gr_1454015";"";1;4
"LVM_Out_43733";"gr_1454015";"";1;1
"LPI_Lit_43748";"gr_1454015";"Landslide";1;2
"GEL_Lit_43727";"1450610";"Gravel-Sand";1;5
"LPS_Lit_36412";"1450610";"Gravel";1;14
"LPS_Lit_36782";"1450610";"Gravel";1;31
"LPI_Lit_44104";"1450610";"Gravel near inlet";1;5
"LPS_Lit_35647";"1450610";"Rock face";1;1
"LPS_Lit_34590";"1450610";"Rock face";1;1
"LPI_Lit_33771";"1450610";"Gravel";1;56
"LPS_Lit_36782";"1450610";"Rock face";1;28
"LPS_Lit_43018";"1450610";"Landslide";1;140
"LPS_Lit_43748";"1450610";"Landslide";1;104
"LMS_Lit_43732";"1450610";"Right";1;7
"LPI_Inl_34233";"1450610";"";1;74
"LPS_Lit_35724";"1450610";"Landslide";1;36
"LPM_Lit_34233";"1450610";"Gravel";1;2
"LPS_Lit_33498";"1450610";"Gravel";1;77
"LPI_Out_34590_100";"1450610";"";1;34
"CAP_Lit_44082";"1450610";"Right";1;5
"MAT_Lit_43727";"1450610";"Left";1;181
"LPS_Lit_44104";"1450610";"Gravel";1;6
"LPS_Inl_34975_1";"1450610";"";1;1
"LPI_Out_34590";"1450610";"";1;72
"LPI_Lit_33407";"1450610";"Gravel";1;54
"LPS_Lit_43748";"1450610";"Rock face";1;77
"LPS_Lit_33498";"1450610";"Rock face";1;12
"LPI_Lit_34508";"1450610";"Gravel";1;62
"LPI_Lit_33771";"1450610";"Landslide";1;64
"LPI_Lit_33498";"1450610";"Gravel";1;353
"LPS_Lit_33470";"1450610";"Gravel";1;2
"LPI_Lit_34508";"1450610";"Landslide";1;40
"LPI_Lit_36782";"1450610";"Gravel";1;33
"LPS_Lit_34975";"1450610";"Rock face";1;2
"LPS_Out_35317";"1450610";"";1;1
"LPS_Lit_36412";"1450610";"Rock face";1;92
"LPS_Lit_43748";"1450610";"Gravel";1;189
"LPS_Lit_34233";"1450610";"Gravel";1;2
"CAP_Lit_43726";"1450610";"Right";1;33
"LPS_Lit_33813";"1450610";"Rock face";1;4
"LPS_Lit_35317";"1450610";"Rock face";1;6
"LPS_Inl_34898_2";"1450610";"";1;1
"LPI_Lit_43748";"1450610";"Gravel near inlet";1;60
"LPS_Lit_35689";"1450610";"Gravel";1;1
"MAT_Lit_44103";"1450610";"Right";1;20
"LPS_Lit_35647";"1450610";"Landslide";1;14
"LPS_Lit_35262";"1450610";"Landslide";1;9
"LPS_Lit_34898";"1450610";"Gravel";1;1
"LPI_Lit_41175";"1450610";"Landslide";1;13
"LPS_Lit_35724";"1450610";"Gravel";1;34
"LPS_Lit_36412";"1450610";"Landslide";1;156
"LPI_Lit_43748";"1450610";"Landslide";1;20
"MAT_Out_44103";"1450610";"";1;4
"LPS_Lit_36095";"1450610";"Landslide";1;12
"LPI_Lit_33435";"1450610";"Gravel";1;40
"LPS_Lit_33470";"1450610";"Rock face";1;1
"LPI_Lit_41175";"1450610";"Gravel";1;3
"LPS_Lit_43018";"1450610";"Rock face";1;269
"MAT_Lit_44103";"1450610";"Left";1;127
"LPS_Lit_34233";"1450610";"Rock face";1;1
"LPM_Lit_36781";"1450610";"Gravel near inlet";1;119
"LPM_Lit_36781";"1450610";"Boulders";1;12
"LPI_Out_33435";"1450610";"";1;2
"LPI_Lit_43748";"1450610";"Gravel";1;3
"GRA_Lit_44089";"1450610";"Left";1;44
"LPS_Lit_35997";"1450610";"Rock face";1;2
"LPI_Lit_33470";"1450610";"Gravel";1;24
"LPS_Lit_44104";"1450610";"Rock face";1;46
"LPI_Lit_33470";"1450610";"Landslide";1;18
"LPS_Lit_34975";"1450610";"Landslide";1;3
"MAT_Lit_43727";"1450610";"Right";1;234
"LPS_Lit_36782";"1450610";"Landslide";1;72
"LPS_Lit_44104";"1450610";"Landslide";1;38
"LPS_Lit_36067";"1450610";"Gravel";1;3
"LPS_Lit_36095";"1450610";"Rock face";1;5
"LPI_Out_34508";"1450610";"";1;12
"LPS_Lit_33861";"1450610";"Rock face";1;7
"GEL_Lit_44103";"1450610";"Gravel";1;2
"GRA_Out_43725";"1450610";"";1;7
"LPI_Lit_43018";"1450610";"Gravel";1;1
"CAP_Lit_43726";"1450610";"Left";1;14
"LPI_Out_34233";"1450610";"";1;5
"LPI_Lit_34590";"1450610";"Gravel";1;18
"LPI_Lit_43018";"1450610";"Landslide";1;29
"LPI_Lit_33435";"1450610";"Landslide";1;21
"MAT_Out_43727";"1450610";"";1;2
"LPS_Lit_34541";"1450610";"Gravel";1;1
"LPI_Out_33771";"1450610";"";1;56
"LPI_Lit_34233";"1450610";"Gravel";1;89
"LPI_Out_34590_200";"1450610";"";1;28
"LPS_Lit_35689";"1450610";"Rock face";1;2
"LPM_Lit_36781";"1450610";"Gravel";1;75
"GRA_Lit_43725";"1450610";"Left";1;90
"LPS_Lit_36067";"1450610";"Landslide";1;15
"CAP_Lit_44082";"1450610";"Left";1;24
"GRA_Out_44089";"1450610";"";1;5
"LPS_Lit_33813";"1450610";"Gravel";1;26
"LPI_Out_36782";"1450610";"";1;74
"LPI_Lit_44104";"1450610";"Landslide";1;6
"LPS_Lit_33861";"1450610";"Gravel";1;15
"LVS_Lit_43733";"1450610";"Littoral";1;21
"LPI_Lit_36782";"1450610";"Landslide";1;76
"LPI_Lit_34590";"1450610";"Landslide";1;136
"LPS_Lit_36067";"1450610";"Rock face";1;5
"LPI_Lit_44104";"1450610";"Gravel";1;2
"LPS_Lit_35689";"1450610";"Landslide";1;10
"LPS_Lit_35724";"1450610";"Rock face";1;37
"LPS_Lit_35317";"1450610";"Landslide";1;2
"LPI_Lit_33498";"1450610";"Landslide";1;366
"LPI_Out_33498";"1450610";"";1;8
"LPS_Lit_35997";"1450610";"Gravel";1;2
"GRA_Lit_44089";"1450610";"Right";1;26
"LPI_Lit_33742";"1450610";"Gravel";1;19
"LPS_Lit_34590";"1450610";"Gravel";1;1
"LPS_Out_43748";"1450610";"";1;2
"LPI_Out_36782_100";"1446100";"";1;1
"CAP_Out_43726";"1455688";"";1;1
"GRA_Out_44089";"1455688";"";1;1
"MAT_Inl_43727";"1455688";"";1;2
"LPI_Out_33435";"1455688";"";1;2
"CAP_Out_44082";"1455688";"";1;1
"GRA_Out_43725";"1455688";"";1;1
"LPI_Out_33771";"1455688";"";1;1
"LPS_Out_35317";"2003218";"";1;1
"LPS_Out_35619_100";"2003218";"";1;10
"LPS_Out_35262";"2003218";"";1;6
"LPI_Out_34508";"2003218";"";1;1
"LPI_Lit_34508";"2286685";"Gravel";1;4
"LMS_Lit_43732";"2286685";"Left";1;2
"LPI_Lit_33771";"2286685";"Landslide";1;1
"LPI_Lit_33435";"2286685";"Gravel";1;1
"LPI_Lit_33498";"2286685";"Gravel";1;8
"LPI_Lit_33470";"2286685";"Gravel";1;7
"LPI_Lit_33407";"2286685";"Gravel";1;8
"LMI_Lit_43732";"2286685";"Left";1;1
"LPI_Lit_33771";"2286685";"Gravel";1;3
"LPI_Lit_43748";"2286685";"Gravel";1;4
"CAP_Lit_43726";"2286685";"Left";1;6
"LPI_Lit_34590";"2286685";"Gravel";1;1
"MAT_Lit_43727";"2286685";"Left";1;1
"LPM_Lit_36781";"2286685";"Boulders";1;1
"LVM_Lit_43733";"1449321";"Left";1;51
"LPI_Lit_43018";"1449321";"Landslide";1;1
"LVM_Out_44091";"1449321";"";1;3
"LVM_Lit_44091";"1449321";"Left";1;16
"LMI_Lit_44084";"1449321";"Left";1;4
"GEL_Lit_44103";"5054428";"Gravel";1;1
"GRA_Lit_43725";"5054428";"Left";1;3
"LPI_Lit_43748";"5054428";"Gravel near inlet";1;1
"LVS_Out_44091";"5054428";"";1;1
"LVS_Lit_44091";"5054428";"Right";1;4
"LPS_Out_43748";"5054428";"";1;16
"LPI_Out_36782_100";"4540073";"";1;2
"LPI_Inl_44104";"1452977";"";1;11
"LPS_Lit_41520";"1452977";"Landslide";1;1
"LMI_Out_43732";"1438081";"";1;6
"MAT_Inl_43727";"1438081";"";1;5
"MAT_Lit_43727";"1438081";"Right";1;1
"MAT_Lit_43727";"1438081";"Left";1;5
"LMI_Out_44084";"1438081";"";1;1
"LVM_Out_44091";"1438081";"";1;1
"LPI_Out_43018";"1438081";"";1;1
"LMS_Out_43732";"1438081";"";1;6
"LVM_Out_43733";"1438081";"";1;2
"LVM_Inl_43733";"1438081";"";1;4
"MAT_Lit_44103";"1438081";"Right";1;2
"LPI_Out_43748";"1432551";"";1;1
"CAP_Out_43726";"1432551";"";1;1
"LPI_Out_36782_100";"5194042";"";1;1
"LPI_Out_36782_100";"2003288";"";1;1
"LPS_Lit_36782";"1450575";"Gravel";1;2
"LPS_Out_35262";"1646340";"";1;17
"LPS_Inl_34898_2";"1646340";"";1;350
"LPS_Inl_35619_2";"1646340";"";1;35
"LPS_Out_34541";"1646340";"";1;28
"LPS_Inl_34898_1";"1646340";"";1;2
"LPI_Out_34508";"1646340";"";1;1
"LPS_Out_35647";"1646340";"";1;1
"LPS_Out_35619_100";"1646340";"";1;1
"LPS_Out_34898";"1646340";"";1;33
"LPS_Out_35619_200";"1646340";"";1;1
"LPI_Lit_33407";"4559709";"Gravel";1;2
"LPI_Out_36782_100";"1431740";"";1;27
"LPI_Inl_43748";"1431740";"";1;11
"LPM_Lit_33792";"4540202";"Gravel";1;1
"LPI_Out_34590";"4540202";"";1;1
"LPS_Out_34975";"1453204";"";1;2
"LPS_Out_41175";"1453204";"";1;5
"LPS_Out_35619_100";"1453204";"";1;3
"LPS_Out_35724";"1453204";"";1;3
"LPS_Out_43748";"1453204";"";1;2
"LPS_Out_35689";"1453204";"";1;14
"LPS_Out_35647";"1453204";"";1;84
"LPI_Lit_44104";"1453204";"Gravel";1;1
"LPS_Out_35262";"1453204";"";1;3
"LPS_Out_36782";"1453204";"";1;33
"LPS_Out_35619_200";"1453204";"";1;2
"LPS_Out_34541";"1453204";"";1;2
"LPS_Out_36412";"1453204";"";1;73
"LPS_Out_35317";"1453204";"";1;79
"LPS_Out_35360";"1453204";"";1;1
"LPS_Out_34590";"1453204";"";1;13
"LPS_Out_34898";"1453204";"";1;3
"LPM_Lit_33792";"1447598";"Gravel";1;1
"CAP_Lit_43726";"1447598";"Left";1;1
"LPI_Lit_41175";"1447598";"Landslide";1;1
"LPI_Lit_34590";"1447598";"Gravel";1;1
"LPM_Lit_34233";"1447598";"Gravel";1;1
"LPI_Lit_33470";"1447598";"Gravel";1;1
"LPI_Lit_36782";"1447598";"Gravel";1;1
"LPM_Lit_36781";"1447598";"Gravel";1;1
"LPS_Lit_35262";"1447089";"Rock face";1;1
"LPS_Lit_35619";"1447089";"Rock face";1;1
"LPS_Lit_35619";"1447089";"Gravel";1;1
"LPS_Lit_33861";"1452741";"Gravel";1;1
"LPI_Out_44104";"1446753";"";1;2
"LPI_Lit_34508";"1446753";"Gravel";1;2
"LPI_Lit_33435";"1446753";"Gravel";1;11
"LPS_Lit_43018";"1446753";"Rock face";1;14
"LVM_Out_43733";"1446753";"";1;16
"LVM_Lit_43733";"1446753";"Left";1;2
"LPS_Lit_44104";"1446753";"Rock face";1;24
"LPI_Lit_41175";"1446753";"Gravel";1;10
"LPI_Lit_34590";"1446753";"Gravel";1;30
"LPI_Out_33742";"1446753";"";1;1
"LPI_Lit_44104";"1446753";"Gravel near inlet";1;15
"LVS_Lit_43733";"1446753";"Littoral";1;6
"LPI_Lit_33771";"1446753";"Landslide";1;55
"LVS_Out_44091";"1446753";"";1;17
"LPS_Out_43748";"1446753";"";1;1
"MAT_Out_43727";"1446753";"";1;3
"LPI_Out_36782";"1446753";"";1;90
"LPS_Lit_36782";"1446753";"Rock face";1;7
"LPI_Lit_43748";"1446753";"Gravel near inlet";1;33
"LPI_Lit_33498";"1446753";"Gravel";1;138
"LPS_Lit_33498";"1446753";"Gravel";1;2
"LPI_Lit_44104";"1446753";"Landslide";1;2
"LPS_Lit_43748";"1446753";"Rock face";1;25
"LPI_Lit_33470";"1446753";"Gravel";1;10
"MAT_Out_44103";"1446753";"";1;4
"LVM_Inl_44091";"1446753";"";1;11
"LPS_Lit_35724";"1446753";"Landslide";1;11
"LPI_Lit_33435";"1446753";"Landslide";1;9
"LMI_Lit_43732";"1446753";"Right";1;13
"LPI_Lit_43018";"1446753";"Landslide";1;28
"LPI_Out_34590_200";"1446753";"";1;18
"LVS_Out_43733";"1446753";"";1;3
"LPS_Lit_36412";"1446753";"Landslide";1;123
"LMI_Out_44084";"1446753";"";1;2
"LPI_Lit_34508";"1446753";"Landslide";1;14
"LPS_Lit_43748";"1446753";"Gravel";1;11
"LPI_Lit_36782";"1446753";"Landslide";1;130
"LPS_Lit_33498";"1446753";"Rock face";1;3
"LPI_Out_33498";"1446753";"";1;27
"LPS_Lit_44104";"1446753";"Landslide";1;46
"LPI_Out_34590_100";"1446753";"";1;4
"MAT_Lit_43727";"1446753";"Left";1;140
"LMI_Out_43732";"1446753";"";1;7
"MAT_Lit_44103";"1446753";"Right";1;13
"LPS_Lit_36067";"1446753";"Landslide";1;2
"LPI_Lit_33498";"1446753";"Landslide";1;1218
"LPI_Lit_41175";"1446753";"Landslide";1;12
"GRA_Out_43725";"1446753";"";1;2
"LPS_Lit_36412";"1446753";"Rock face";1;27
"LPI_Lit_43748";"1446753";"Landslide";1;1
"LPI_Lit_33771";"1446753";"Gravel";1;11
"LPS_Lit_36782";"1446753";"Landslide";1;11
"LPI_Lit_33470";"1446753";"Landslide";1;77
"LMS_Lit_43732";"1446753";"Right";1;10
"LVM_Lit_44091";"1446753";"Left";1;1
"LMI_Lit_44084";"1446753";"Left";1;1
"LPI_Lit_36782";"1446753";"Gravel";1;15
"LMS_Lit_43732";"1446753";"Left";1;43
"LPI_Lit_34233";"1446753";"Gravel";1;26
"LVM_Inl_43733";"1446753";"";1;1
"LPI_Out_34590";"1446753";"";1;53
"LPI_Out_43748";"1446753";"";1;16
"LPI_Inl_34233";"1446753";"";1;92
"LPS_Lit_44104";"1446753";"Gravel";1;8
"LPS_Lit_43018";"1446753";"Landslide";1;2
"MAT_Lit_44103";"1446753";"Left";1;16
"LPI_Out_34233";"1446753";"";1;2
"LPI_Lit_44104";"1446753";"Gravel";1;1
"LPI_Out_33771";"1446753";"";1;57
"LMI_Lit_43732";"1446753";"Left";1;3
"LPS_Lit_35724";"1446753";"Rock face";1;13
"MAT_Lit_43727";"1446753";"Right";1;80
"LPI_Lit_33407";"1446753";"Gravel";1;18
"LPS_Lit_43748";"1446753";"Landslide";1;108
"LPI_Lit_33742";"1446753";"Gravel";1;4
"LMI_Lit_44084";"1446753";"Right";1;1
"LPI_Lit_34590";"1446753";"Landslide";1;29
"LPS_Out_36782";"4540054";"";1;1
"MAT_Inl_43727";"1446104";"";1;1
"LPS_Inl_34898_1";"1447076";"";1;8
"LPS_Out_35619_200";"1447076";"";1;1
"LPS_Inl_35262_1";"1447076";"";1;4
"LPS_Inl_35619_2";"1447076";"";1;1
"LPS_Out_34541";"1447076";"";1;10
"LPS_Inl_35262_2";"1447076";"";1;3
"LPI_Lit_34508";"1445979";"Landslide";1;1
"LPM_Lit_33792";"1455604";"Gravel";1;1
"LPI_Out_34590_100";"1451142";"";1;9
"LPI_Out_34508";"1451142";"";1;1
"LPI_Out_36782_100";"1451142";"";1;1
"LPS_Out_41175";"1452976";"";1;2
"LPI_Lit_33771";"1446081";"Gravel";1;1
"LPI_Out_44104";"1446081";"";1;8
"LPS_Out_34541";"1446081";"";1;3
"LPS_Out_35619_100";"sub_4802050";"";1;1
"LPS_Out_34975";"sub_4802050";"";1;1
"LPS_Out_36782";"sub_4802050";"";1;13
"LPS_Out_34590";"sub_4802050";"";1;1
"LPS_Out_35647";"sub_4802050";"";1;2
"LPS_Out_35724";"sub_4802050";"";1;3
"LMS_Lit_43732";"1450500";"Right";1;37
"LMI_Out_43732";"1450500";"";1;208
"LVS_Lit_43733";"1450500";"Littoral";1;228
"LMI_Lit_43732";"1450500";"Left";1;45
"LVS_Lit_44091";"1450500";"Right";1;112
"LVS_Out_44091";"1450500";"";1;2
"LVM_Lit_43733";"1450500";"Left";1;324
"LVM_Out_43733";"1450500";"";1;3
"LVM_Inl_43733";"1450500";"";1;2
"LMI_Lit_44084";"1450500";"Right";1;1
"LVS_Out_43733";"1450500";"";1;5
"LPS_Lit_43748";"1450500";"Rock face";1;24
"LMI_Lit_44084";"1450500";"Left";1;21
"LPI_Lit_43748";"1450500";"Landslide";1;2
"CAP_Out_43726";"1450500";"";1;3
"GEL_Lit_44103";"1450500";"Gravel-Sand";1;12
"LMS_Out_43732";"1450500";"";1;1
"LVM_Lit_44091";"1450500";"Left";1;56
"GRA_Lit_43725";"1450500";"Right";1;12
"LPS_Lit_43018";"1450500";"Rock face";1;21
"LPI_Out_43748";"1450500";"";1;3
"LMI_Lit_43732";"1450500";"Right";1;22
"LMS_Lit_43732";"1450500";"Left";1;388
"LPS_Lit_43748";"1450500";"Gravel";1;44
"LVM_Inl_44091";"1450500";"";1;3
"LPI_Lit_33435";"5055302";"Gravel";1;12
"LPI_Lit_36782";"5055302";"Gravel";1;1
"LPM_Lit_36781";"1453196";"Gravel near inlet";1;1
"LPS_Out_35647";"2996";"";1;4
"LPS_Out_35689";"2996";"";1;2
"LPS_Out_36782";"2996";"";1;13
"LPI_Out_41175";"7973";"";1;6
"LPI_Inl_43748";"7973";"";1;6
"CAP_Out_43726";"7973";"";1;1
"LPS_Out_35317";"7973";"";1;1
"LPI_Out_41175";"787";"";1;22
"LPI_Out_33470";"1438056";"";1;1
"LMS_Out_43732";"1438056";"";1;34
"LPI_Out_33435";"1438056";"";1;2
"MAT_Out_43727";"1438056";"";1;1
"LPI_Lit_33435";"1438056";"Landslide";1;2
"LMI_Out_44084";"1438056";"";1;10
"LPI_Lit_33498";"1438056";"Gravel";1;1
"LPI_Lit_43748";"4400";"Landslide";1;1
"LPS_Out_44104";"4400";"";1;1
"LPI_Lit_34590";"4400";"Gravel";1;1
"LPS_Out_36782";"4400";"";1;1
"LPI_Lit_36782";"4400";"Landslide";1;3
"LPI_Out_36782_100";"4400";"";1;1
"LPI_Lit_33435";"1455710";"Landslide";1;1
"LPS_Lit_34590";"1442833";"Rock face";1;2
"LPS_Inl_34975_1";"1442833";"";1;10
"LPS_Lit_35647";"1442833";"Rock face";1;24
"LPS_Inl_35647";"1442833";"";1;7
"LPS_Lit_35647";"1442833";"Gravel";1;8
"LPM_Lit_32798";"1442833";"Gravel";1;2
"LPS_Lit_35317";"1442833";"Gravel";1;14
"LPS_Lit_34975";"1442833";"Landslide";1;1
"LPS_Lit_35317";"1442833";"Rock face";1;1
"LPS_Lit_35317";"1442833";"Landslide";1;1
"LPS_Lit_34590";"1442833";"Gravel";1;6
"LPS_Lit_34975";"1442833";"Gravel";1;7
"LPS_Lit_34975";"1442833";"Rock face";1;5
"LPS_Lit_35689";"1442833";"Rock face";1;2
"LPS_Lit_35689";"1442833";"Gravel";1;4
"LPI_Out_33771";"1445509";"";1;1
"LPI_Out_33742";"1445509";"";1;1
"LPS_Lit_33813";"1449280";"Rock face";1;26
"LPS_Lit_33861";"1449280";"Rock face";1;1
"LPS_Lit_35647";"1449280";"Landslide";1;20
"LPS_Lit_35647";"1449280";"Rock face";1;1
"LPS_Lit_35647";"1449280";"Gravel";1;2
"LPS_Lit_34541";"1449280";"Rock face";1;15
"LPS_Lit_35619";"1449280";"Landslide";1;1
"LPS_Lit_36782";"1449280";"Gravel";1;9
"LPI_Lit_33771";"1449280";"Landslide";1;2
"LPS_Lit_33813";"1449280";"Gravel";1;4
"LPS_Lit_35262";"1449280";"Landslide";1;19
"LPS_Lit_36782";"1449280";"Rock face";1;34
"LPS_Lit_35317";"1449280";"Gravel";1;5
"LPI_Lit_33407";"1449280";"Gravel";1;1
"LPS_Lit_33470";"1449280";"Rock face";1;5
"LPS_Lit_35997";"1449280";"Landslide";1;2
"LPS_Lit_34541";"1449280";"Gravel";1;2
"LPS_Lit_36412";"1449280";"Rock face";1;7
"LPS_Lit_35262";"1449280";"Rock face";1;2
"LPS_Lit_34177";"1449280";"Gravel";1;3
"LPS_Lit_36782";"1449280";"Landslide";1;10
"LPI_Inl_34233";"1449280";"";1;1
"LPM_Lit_36781";"1451078";"Boulders";1;2
"LPM_Lit_36781";"1451078";"Gravel";1;2
"LPS_Out_35647";"2003179";"";1;3
"LPS_Out_35360";"2003179";"";1;10
"LPS_Out_34541";"2003179";"";1;6
"LPS_Out_35262";"2003179";"";1;2
"LPI_Inl_44104";"2003179";"";1;8
"LPI_Out_34590_200";"2003179";"";1;11
"LPS_Out_34975";"2003179";"";1;5
"LPI_Out_36782_100";"2003179";"";1;17
"LPS_Out_35317";"2003179";"";1;2
"LPI_Out_34590";"2003179";"";1;1
"LPS_Out_34898";"2003179";"";1;54
"LPI_Lit_43748";"2003179";"Landslide";1;2
"LPI_Out_34590_100";"2003179";"";1;11
"LPI_Lit_33771";"2003179";"Landslide";1;4
"LPI_Lit_33435";"2003179";"Landslide";1;1
"LPS_Out_35724";"2003179";"";1;23
"LPM_Lit_36781";"1446644";"Gravel";1;1
"LPM_Lit_33792";"1446644";"Boulders";1;8
"LPM_Lit_33792";"1446644";"Gravel";1;1
"LPS_Out_34541";"1455682";"";1;13
"LPS_Inl_35647";"1455682";"";1;1
"LPS_Inl_35619_1";"1455682";"";1;8
"LPS_Inl_34898_2";"1455682";"";1;2
"LPM_Lit_33792";"1455682";"Gravel";1;1
"LPS_Out_34898";"1455682";"";1;1
"LPS_Out_35647";"1455682";"";1;1
"LPS_Inl_35262_2";"1455682";"";1;18
"LPS_Out_35724";"1455682";"";1;1
"LPS_Out_35619_200";"1455682";"";1;4
"LPS_Out_35262";"1455682";"";1;2
"LPS_Out_35619_100";"1455682";"";1;2
"LPS_Out_35317";"1455682";"";1;2
"LPS_Lit_34898";"fe_409187";"Gravel";1;1
"LPS_Lit_35619";"fe_409187";"Gravel";1;1
"LPS_Lit_34541";"fe_409187";"Gravel";1;4
"LPS_Lit_35647";"fe_409187";"Landslide";1;1
"LPS_Out_35619_200";"1452740";"";1;1
"LPS_Inl_35619_2";"1452740";"";1;1
"LPS_Out_35689";"1452740";"";1;1
"LPS_Inl_34975_2";"1452740";"";1;7
"LPS_Inl_34898_2";"1452740";"";1;1
"LPS_Inl_34898_1";"1452740";"";1;1
"LPS_Inl_35360_2";"1452740";"";1;2
"LPI_Out_34508";"1445528";"";1;1
"LPI_Lit_34233";"1445528";"Gravel";1;1
"LPS_Inl_34975_1";"1445528";"";1;4
"LPS_Inl_34898_1";"1445528";"";1;2
"LPI_Lit_33435";"1445528";"Gravel";1;2
"LPI_Lit_34590";"1445528";"Gravel";1;1
"LPS_Inl_34898_2";"1445528";"";1;2
"LPS_Lit_34590";"1445528";"Gravel";1;72
"LPS_Lit_35689";"1445528";"Rock face";1;1
"LPI_Out_34590_200";"1445528";"";1;1
"LPS_Lit_33861";"1445528";"Gravel";1;6
"LPS_Lit_34590";"1445528";"Rock face";1;193
"LPS_Lit_35317";"1445528";"Rock face";1;1
"LPS_Out_41175";"9164";"";1;7
"MAT_Lit_44103";"1433826";"Left";1;4
"MAT_Inl_44103";"1433826";"";1;1
"MAT_Out_43727";"1433826";"";1;10
"MAT_Out_44103";"1433826";"";1;3
"LVM_Inl_43733";"1447439";"";1;1
"LPI_Out_43018";"1447439";"";1;141
"LVM_Out_44091";"1447439";"";1;3
"CAP_Out_43726";"1447439";"";1;1
"LVS_Out_43733";"1447432";"";1;121
"LPS_Out_35724";"1433899";"";1;3
"LPS_Out_34898";"1433899";"";1;3
"LPS_Out_34541";"1433899";"";1;2
"LPS_Out_35619_100";"1433899";"";1;9
"LPS_Out_35647";"1433899";"";1;3
"LPS_Out_36782";"1434304";"";1;1
"LPI_Out_36782_100";"1434029";"";1;1
"LPM_Lit_36781";"1434029";"Gravel near inlet";1;1
"LPI_Out_36782_100";"1434321";"";1;3
"LPI_Out_36782_100";"1433711";"";1;6
"LPI_Lit_33435";"5967598";"Gravel";1;2
"LPS_Lit_33498";"5967598";"Rock face";1;6
"LPS_Lit_33498";"5967598";"Gravel";1;5
"LPI_Lit_33498";"5967598";"Gravel";1;26
"LPI_Lit_33470";"5967598";"Landslide";1;9
"LPI_Lit_34590";"5967598";"Gravel";1;2
"LPI_Lit_33498";"5967598";"Landslide";1;25
"LPI_Lit_33470";"5967598";"Gravel";1;76
"LPI_Out_33470";"1447370";"";1;1
"LPI_Out_36782_100";"1447370";"";1;5
"LPI_Out_33771";"1447370";"";1;1
"LPI_Out_43748";"1447370";"";1;16
"LPI_Out_33498";"1447370";"";1;1
"LPI_Out_34590_100";"1447370";"";1;7
"LPI_Out_44104";"1447370";"";1;8
"LPI_Out_34590_200";"1447370";"";1;9
"LPM_Lit_36781";"1447370";"Boulders";1;1
"LPI_Out_33435";"1447370";"";1;3
"LPS_Out_35262";"1430783";"";1;6
"LPS_Out_34590";"1430783";"";1;1
"LPI_Lit_34590";"1430783";"Landslide";1;9
"LPI_Lit_36782";"1430783";"Gravel";1;2
"LPI_Out_36782_100";"1430783";"";1;1
"LPI_Out_44104";"1430783";"";1;6
"LPI_Lit_44104";"1430783";"Gravel";1;1
"LPS_Out_35647";"4402";"";1;8
"LPS_Out_35619_100";"4402";"";1;1
"LPI_Inl_44104";"4402";"";1;7
"LPI_Out_34590_100";"4402";"";1;4
"LPI_Out_34590";"4402";"";1;4
"GRA_Lit_44089";"4402";"Right";1;1
"LPI_Out_36782_100";"2181242";"";1;1
"LPS_Out_36782";"2181242";"";1;1
"LPI_Lit_33470";"5101327";"Gravel";1;4
"LPI_Lit_43748";"5101327";"Gravel near inlet";1;1
"LVS_Lit_44091";"5101327";"Littoral";1;2
"LPI_Lit_33470";"5101327";"Landslide";1;2
"LPI_Out_33470";"5101327";"";1;1
"LPI_Inl_34233";"5101327";"";1;1
"LPI_Lit_34590";"5101327";"Gravel";1;1
"LPI_Lit_33498";"5101327";"Landslide";1;1
"LPI_Out_33771";"5101327";"";1;1
"LPI_Lit_33771";"5101327";"Landslide";1;6
"LPI_Lit_33498";"5101327";"Gravel";1;6
"LPI_Lit_34508";"5101327";"Landslide";1;1
"LPI_Lit_33407";"5101327";"Gravel";1;10
"LVM_Lit_43733";"5101327";"Left";1;3
"LPI_Lit_44104";"5101327";"Gravel near inlet";1;1
"LVS_Lit_44091";"5101327";"Right";1;1
"LPS_Out_36782";"2181245";"";1;3
"LPI_Lit_41175";"2308015";"Gravel";1;4
"LPS_Lit_36412";"2308015";"Rock face";1;5
"LPS_Out_34590";"2308015";"";1;4
"LPS_Out_41175";"2308015";"";1;11
"LPI_Lit_34508";"2308015";"Gravel";1;2
"LPS_Inl_35647";"2308015";"";1;1
"LPI_Out_41175";"2308015";"";1;1
"LPI_Out_33742";"2308015";"";1;1
"LPS_Out_36412";"2308015";"";1;6
"LPI_Lit_33470";"2308015";"Gravel";1;4
"LPI_Lit_33435";"2308015";"Gravel";1;7
"LPI_Lit_33771";"2308015";"Gravel";1;7
"LPS_Out_35317";"2308015";"";1;1
"CAP_Lit_43726";"2308167";"Left";1;1
"CAP_Lit_43726";"2308167";"Right";1;3
"CAP_Lit_44082";"2308167";"Left";1;9
"CAP_Lit_44082";"2308167";"Right";1;8
"LPI_Out_36782_100";"1645776";"";1;8
"LPI_Out_34508";"5054362";"";1;3
"MAT_Out_44103";"5053115";"";1;1
"MAT_Out_43727";"5053115";"";1;11
"LMS_Out_43732";"5053115";"";1;4
"CAP_Lit_44082";"1448997";"Right";1;14
"MAT_Inl_43727";"1448997";"";1;31
"CAP_Lit_43726";"1448997";"Right";1;4
"CAP_Out_43726";"1448997";"";1;5
"CAP_Lit_44082";"1448997";"Left";1;7
"CAP_Lit_43726";"1448997";"Left";1;2
"CAP_Out_44082";"1448997";"";1;12
"LPI_Out_34590";"1645350";"";1;2
"LPI_Lit_34590";"3525";"Landslide";1;1
"LPS_Lit_34590";"3525";"Rock face";1;8
"LPS_Inl_35619_1";"3525";"";1;2
"LPS_Inl_34975_1";"3525";"";1;1
"LPS_Inl_35262_1";"3525";"";1;2
"LPS_Lit_35262";"3525";"Gravel";1;1
"LPS_Lit_35689";"3525";"Gravel";1;1
"LPS_Lit_33861";"3525";"Gravel";1;144
"LPS_Lit_35262";"3525";"Landslide";1;2
"LPS_Lit_33861";"3525";"Rock face";1;117
"LPS_Inl_34898_1";"3525";"";1;3
"LPS_Lit_34590";"3525";"Gravel";1;32
"CAP_Out_43726";"4404";"";1;1
"LMI_Out_43732";"4404";"";1;2
"CAP_Lit_43726";"4404";"Left";1;1
"CAP_Lit_43726";"4404";"Right";1;2
"LMS_Out_43732";"3522";"";1;265
"LPI_Inl_44104";"3522";"";1;7
"LPI_Out_36782_100";"3522";"";1;8
"LVM_Inl_44091";"3522";"";1;6
"LPS_Out_35724";"3522";"";1;2
"LPS_Out_35619_100";"3522";"";1;1
"MAT_Out_43727";"3522";"";1;15
"MAT_Inl_44103";"3522";"";1;8
"LVM_Out_44091";"3522";"";1;5
"LPS_Out_36782";"3522";"";1;1
"LMI_Out_43732";"3522";"";1;30
"MAT_Inl_43727";"3522";"";1;2
"GRA_Out_44089";"3522";"";1;1
"LVM_Out_43733";"3522";"";1;9
"LPS_Inl_35619_2";"3522";"";1;42
"LPS_Out_35647";"3522";"";1;1
"LVM_Inl_43733";"3522";"";1;8
"LPI_Out_33470";"5734043";"";1;8
"LPI_Out_34590_200";"5734043";"";1;2
"LPS_Inl_35262_2";"1454992";"";1;2
"LPS_Lit_34975";"1454992";"Rock face";1;1
"LMI_Lit_44084";"1454992";"Left";1;1
"LPS_Inl_35262_1";"1454992";"";1;2
"LPI_Lit_33771";"1454992";"Gravel";1;1
"LPS_Lit_33861";"1454992";"Rock face";1;2
"LPS_Lit_35997";"1454992";"Rock face";1;1
"LPI_Lit_33407";"1454992";"Gravel";1;2
"LPS_Lit_36095";"1454992";"Rock face";1;2
"LPI_Out_34590_200";"8354214";"";1;1
"MAT_Lit_43727";"10495862";"Left";1;1
"LMI_Lit_44084";"10495862";"Right";1;5
"LMI_Out_44084";"7854";"";1;1
"LVM_Out_44091";"7854";"";1;1
"LPI_Inl_43748";"6923";"";1;1
"LMI_Out_43732";"2308011";"";1;3
"GRA_Lit_43725";"2308011";"Left";1;16
"LVS_Lit_44091";"2308011";"Right";1;2
"GRA_Lit_44089";"2308011";"Right";1;1
"LPM_Lit_33525";"2308011";"Gravel";1;4
"LPI_Lit_43018";"2308011";"Landslide";1;2
"LPI_Lit_44104";"2308011";"Gravel near inlet";1;3
"CAP_Lit_43726";"2308011";"Left";1;1
"LPM_Lit_34233";"2308011";"Gravel";1;21
"GRA_Lit_43725";"2308011";"Right";1;11
"LPM_Lit_33792";"2308011";"Boulders";1;4
"MAT_Lit_43727";"2308011";"Left";1;1
"LPS_Lit_44104";"2308011";"Rock face";1;2
"LPM_Lit_33792";"2308011";"Gravel";1;12
"LPI_Out_44104";"2308011";"";1;1
"LMI_Lit_43732";"2308011";"Right";1;1
"LPS_Lit_44104";"2308011";"Gravel";1;7
"LPS_Lit_44104";"2308011";"Landslide";1;1
"CAP_Out_43726";"2308011";"";1;4
"LPS_Lit_43748";"2308011";"Gravel";1;1
"LMI_Lit_44084";"2308011";"Right";1;8
"LPS_Lit_41520";"1446288";"Landslide";1;1
"LPS_Out_36782";"1446288";"";1;33
"GRA_Lit_44089";"1446288";"Right";1;1
"CAP_Out_44082";"1446288";"";1;4
"CAP_Out_43726";"1446288";"";1;5
"GRA_Out_43725";"1446288";"";1;12
"MAT_Inl_44103";"1446288";"";1;13
"MAT_Out_44103";"1446288";"";1;11
"LVM_Out_43733";"1446288";"";1;3
"LPS_Lit_41520";"1446288";"Rock face";1;3
"GRA_Out_44089";"1446288";"";1;26
"LMI_Out_44084";"1446288";"";1;2
"LVS_Out_43733";"1446288";"";1;47
"LPS_Inl_34975_2";"1446288";"";1;1
"MAT_Lit_43727";"1446288";"Left";1;1
"LPI_Out_43018";"1446288";"";1;56
"LVM_Out_44091";"1446288";"";1;11
"LPS_Lit_36782";"1446288";"Gravel";1;1
"LPS_Out_35724";"1446288";"";1;3
"MAT_Lit_43727";"1446288";"Right";1;2
"LMS_Out_43732";"1446288";"";1;14
"LPS_Out_35689";"1446288";"";1;1
"LPS_Out_35647";"1446288";"";1;7
"MAT_Inl_43727";"1446288";"";1;53
"MAT_Out_43727";"1446288";"";1;84
"LPS_Out_35619_100";"1446288";"";1;1
"LPI_Out_43748";"1455301";"";1;1
"LPS_Lit_36412";"1455301";"Gravel";1;1
"MAT_Lit_43727";"1455301";"Right";1;1
"LPS_Out_43748";"1455301";"";1;2
"LMS_Out_43732";"4297594";"";1;41
"LVM_Out_43733";"4297594";"";1;3
"LPS_Out_35317";"4297594";"";1;6
"LVM_Out_44091";"4297594";"";1;1
"LPS_Out_35360";"4297594";"";1;2
"LPS_Out_36412";"1452161";"";1;1
"LVM_Lit_43733";"1452161";"Left";1;29
"CAP_Out_43726";"1452161";"";1;1
"LVS_Lit_43733";"1452161";"Littoral";1;48
"LPS_Out_34590";"1452161";"";1;6
"LVS_Lit_44091";"1452161";"Right";1;4
"LPS_Lit_41520";"1451848";"Rock face";1;2
"LPS_Lit_41520";"1451848";"Landslide";1;1
"LPS_Lit_35997";"1451848";"Gravel";1;1
"LPM_Lit_33525";"fe_409291";"Gravel";1;2
"MAT_Inl_44103";"1451718";"";1;2
"GEL_Lit_43727";"1451718";"Gravel";1;16
"MAT_Lit_43727";"1451718";"Right";1;15
"LPI_Out_43748";"1451718";"";1;3
"MAT_Out_43727";"1451718";"";1;1
"LMI_Lit_43732";"1451718";"Right";1;49
"CAP_Lit_44082";"1451718";"Right";1;9
"LMI_Lit_44084";"1451718";"Left";1;47
"LPS_Out_41175";"1451718";"";1;6
"LVM_Lit_44091";"1451718";"Left";1;6
"LMS_Lit_43732";"1451718";"Right";1;38
"LMI_Lit_43732";"1451718";"Left";1;94
"GEL_Lit_43727";"1451718";"Gravel-Sand";1;20
"CAP_Lit_43726";"1451718";"Left";1;241
"GEL_Lit_44103";"1451718";"Gravel-Sand";1;8
"LMI_Lit_44084";"1451718";"Right";1;6
"CAP_Lit_44082";"1451718";"Left";1;58
"CAP_Lit_43726";"1451718";"Right";1;50
"MAT_Lit_43727";"1451718";"Left";1;14
"LVM_Lit_43733";"1451718";"Left";1;26
"LMS_Lit_43732";"1451718";"Left";1;101
"LVS_Lit_44091";"1451718";"Right";1;4
"LPS_Out_35689";"3518";"";1;2
"LPS_Out_35647";"3518";"";1;5
"LPS_Out_36782";"3518";"";1;2
"LPS_Out_35724";"3518";"";1;9
"LMI_Out_44084";"1455279";"";1;1
"MAT_Inl_44103";"1455279";"";1;2
"LMS_Out_43732";"1455279";"";1;3
"LPS_Out_41175";"1455279";"";1;52
"MAT_Out_44103";"1452768_gr";"";1;5
"MAT_Out_43727";"1452768_gr";"";1;25
"LPI_Out_33435";"7634";"";1;1
"LPI_Lit_34233";"7634";"Gravel";1;1
"LPS_Inl_34898_1";"7634";"";1;1
"LPS_Inl_35360_2";"7634";"";1;2
"LPS_Inl_35262_1";"7634";"";1;1
"LPS_Inl_35619_2";"7634";"";1;1
"LPI_Out_33470";"427";"";1;4
"LPI_Out_34590";"427";"";1;58
"LPI_Out_36782_100";"427";"";1;26
"LPI_Out_34590_200";"427";"";1;20
"LPI_Out_33435";"427";"";1;3
"LPI_Out_33498";"427";"";1;2
"LPI_Out_34590_100";"427";"";1;5
"LPS_Lit_41520";"372";"Landslide";1;1
"LPS_Lit_41520";"372";"Rock face";1;1
"LPI_Lit_33407";"6962";"Gravel";1;4
"GRA_Lit_44089";"6962";"Right";1;4
"LPI_Lit_36782";"6962";"Landslide";1;4
"LPI_Lit_43748";"6962";"Gravel near inlet";1;1
"GRA_Lit_43725";"6962";"Left";1;3
"LMI_Lit_44084";"6962";"Left";1;2
"LPI_Lit_43748";"6962";"Gravel";1;2
"LMS_Lit_43732";"6962";"Right";1;29
"LPM_Lit_33792";"6962";"Gravel";1;5
"LPI_Lit_33435";"6962";"Gravel";1;6
"LPM_Lit_33792";"6962";"Boulders";1;1
"LMI_Lit_44084";"6962";"Right";1;26
"LPI_Inl_43748";"6962";"";1;9
"LPI_Lit_43018";"6962";"Gravel";1;1
"CAP_Out_43726";"6962";"";1;10
"LPI_Out_33435";"6962";"";1;1
"LPI_Lit_33498";"6962";"Gravel";1;7
"MAT_Out_43727";"6962";"";1;2
"GRA_Lit_43725";"6962";"Right";1;2
"LMI_Out_43732";"6962";"";1;2
"LPI_Lit_34590";"6962";"Gravel";1;3
"LMI_Lit_43732";"6962";"Right";1;4
"LMS_Out_43732";"6962";"";1;1
"LMS_Lit_43732";"6962";"Left";1;36
"LPI_Lit_36782";"fe_14226";"Landslide";1;1
"LPM_Lit_33525";"fe_14226";"Gravel";1;12
"LPM_Lit_32798";"fe_14226";"Gravel";1;29
"LPI_Out_36782";"fe_14226";"";1;2
"LPI_Lit_34508";"1446282";"Landslide";1;1
"LPS_Out_43748";"1446282";"";1;6
"LPI_Out_34590";"1446282";"";1;14
"LPI_Out_34590_100";"1446282";"";1;20
"LPI_Inl_43748";"1446282";"";1;22
"LPS_Out_34590";"1446282";"";1;1
"LPS_Out_44104";"1446282";"";1;11
"LPS_Out_35262";"1446282";"";1;1
"LPS_Out_34541";"1446282";"";1;2
"LPI_Inl_44104";"1446282";"";1;9
"LPS_Out_34898";"1446282";"";1;1
"LPS_Out_36412";"1446282";"";1;288
"LPI_Out_33470";"1446282";"";1;23
"LPI_Lit_33470";"1446282";"Gravel";1;1
"LPI_Out_44104";"1446282";"";1;3
"LPI_Out_36782_100";"1446282";"";1;61
"LPS_Out_41175";"1446282";"";1;412
"LPI_Out_34590_200";"1446282";"";1;21
"LPI_Out_43748";"1446282";"";1;5
"LPI_Out_33498";"1446282";"";1;3
"LPI_Lit_36782";"4541598";"Landslide";1;1
"LPS_Lit_33470";"4541598";"Gravel";1;3
"LPI_Out_33435";"4541598";"";1;3
"LPS_Lit_33813";"4541598";"Rock face";1;11
"LPS_Lit_34233";"4541598";"Gravel";1;1
"LPM_Lit_34233";"4541598";"Gravel";1;1
"LPS_Lit_34541";"4541598";"Rock face";1;51
"LPS_Lit_35262";"4541598";"Rock face";1;2
"LPS_Lit_35317";"4541598";"Gravel";1;1
"LPM_Lit_33792";"4541598";"Gravel";1;1
"LPS_Lit_35619";"4541598";"Rock face";1;1
"LPS_Lit_33813";"4541598";"Gravel";1;9
"LPM_Lit_33792";"4541598";"Boulders";1;36
"LPS_Lit_33470";"4541598";"Rock face";1;6
"LPS_Lit_35317";"4541598";"Rock face";1;1
"LPS_Lit_35997";"4541598";"Rock face";1;26
"LPS_Lit_33498";"4541598";"Rock face";1;4
"LPS_Lit_36782";"4541598";"Rock face";1;1
"LPS_Lit_34541";"4541598";"Gravel";1;5
"LPI_Lit_33771";"4541598";"Landslide";1;4
"LPM_Lit_33525";"1449553";"Gravel";1;1
"LPM_Lit_32798";"1449553";"Gravel";1;45
"LMI_Lit_44084";"1449534";"Left";1;2
"LPI_Lit_43748";"1449534";"Gravel near inlet";1;105
"LMI_Lit_43732";"1449534";"Right";1;37
"LMS_Lit_43732";"1449534";"Left";1;5
"LVS_Lit_43733";"1449534";"Littoral";1;30
"LPI_Lit_34508";"1449534";"Gravel";1;89
"LMS_Out_43732";"1449534";"";1;18
"CAP_Out_44082";"1449534";"";1;8
"LPS_Lit_43018";"1449534";"Rock face";1;11
"LPI_Lit_36782";"1449534";"Gravel";1;116
"GRA_Out_44089";"1449534";"";1;4
"LMI_Out_44084";"1449534";"";1;2
"LPS_Lit_43748";"1449534";"Rock face";1;32
"CAP_Out_43726";"1449534";"";1;12
"GRA_Out_43725";"1449534";"";1;12
"GEL_Lit_44103";"1449534";"Gravel";1;36
"LVM_Lit_44091";"1449534";"Left";1;5
"LPI_Lit_33470";"1449534";"Landslide";1;31
"CAP_Lit_43726";"1449534";"Left";1;114
"LPI_Lit_34233";"1449534";"Gravel";1;2
"LPI_Out_43748";"1449534";"";1;3
"LPS_Lit_36412";"1449534";"Rock face";1;227
"LVS_Lit_44091";"1449534";"Right";1;49
"LPI_Lit_33498";"1449534";"Landslide";1;290
"LPS_Lit_44104";"1449534";"Rock face";1;327
"MAT_Lit_44103";"1449534";"Right";1;23
"GEL_Lit_43727";"1449534";"Gravel";1;2
"GRA_Lit_44089";"1449534";"Right";1;71
"LPS_Lit_36412";"1449534";"Gravel";1;145
"LPI_Lit_33435";"1449534";"Gravel";1;101
"LVM_Out_44091";"1449534";"";1;2
"LPI_Lit_33742";"1449534";"Gravel";1;50
"LPS_Lit_36412";"1449534";"Landslide";1;312
"LVS_Out_44091";"1449534";"";1;4
"LPS_Lit_43748";"1449534";"Landslide";1;79
"LPS_Lit_43018";"1449534";"Landslide";1;31
"LPI_Lit_33407";"1449534";"Gravel";1;127
"LPI_Lit_44104";"1449534";"Landslide";1;6
"GRA_Lit_44089";"1449534";"Left";1;9
"LPI_Lit_33771";"1449534";"Landslide";1;272
"LPI_Lit_36782";"1449534";"Landslide";1;127
"CAP_Lit_44082";"1449534";"Left";1;110
"LVM_Out_43733";"1449534";"";1;3
"LMI_Out_43732";"1449534";"";1;4
"LMS_Lit_43732";"1449534";"Right";1;94
"LPS_Lit_43748";"1449534";"Gravel";1;7
"LPI_Lit_41175";"1449534";"Gravel";1;4
"LPI_Inl_43748";"1449534";"";1;13
"GEL_Lit_44103";"1449534";"Gravel-Sand";1;13
"MAT_Lit_43727";"1449534";"Left";1;74
"LVM_Inl_44091";"1449534";"";1;7
"LPI_Out_44104";"1449534";"";1;1
"GRA_Lit_43725";"1449534";"Right";1;54
"LVM_Lit_43733";"1449534";"Left";1;14
"LPI_Lit_33435";"1449534";"Landslide";1;25
"LPI_Out_43018";"1449534";"";1;1
"CAP_Lit_44082";"1449534";"Right";1;154
"LPI_Lit_41175";"1449534";"Landslide";1;3
"LPI_Lit_34590";"1449534";"Gravel";1;44
"CAP_Lit_43726";"1449534";"Right";1;170
"LPS_Lit_44104";"1449534";"Gravel";1;35
"GEL_Lit_43727";"1449534";"Gravel-Sand";1;6
"LPS_Lit_44104";"1449534";"Landslide";1;31
"GRA_Lit_43725";"1449534";"Left";1;129
"LMI_Lit_43732";"1449534";"Left";1;11
"LPI_Lit_43748";"1449534";"Landslide";1;11
"LPI_Lit_44104";"1449534";"Gravel near inlet";1;46
"LPI_Lit_34590";"1449534";"Landslide";1;76
"LPI_Lit_33498";"1449534";"Gravel";1;188
"LPI_Inl_34233";"1449534";"";1;78
"MAT_Lit_43727";"1449534";"Right";1;77
"MAT_Lit_44103";"1449534";"Left";1;15
"LPI_Lit_33771";"1449534";"Gravel";1;91
"LPI_Lit_43018";"1449534";"Landslide";1;34
"LPI_Out_36782";"1449534";"";1;75
"LPI_Lit_33470";"1449534";"Gravel";1;11
"MAT_Inl_43727";"1449534";"";1;1
"LPI_Lit_34508";"1449534";"Landslide";1;48
"LPS_Lit_35317";"7626166";"Gravel";1;16
"LPS_Lit_34590";"7626166";"Gravel";1;1
"LPS_Lit_35262";"7626166";"Rock face";1;5
"LPI_Out_33435";"7626166";"";1;3
"LPS_Lit_35619";"7626166";"Landslide";1;8
"LPM_Lit_36781";"7626166";"Gravel";1;92
"LPS_Lit_34898";"7626166";"Rock face";1;2
"LPS_Inl_35647";"7626166";"";1;2
"LPS_Lit_35997";"7626166";"Landslide";1;4
"LPS_Lit_35689";"7626166";"Rock face";1;37
"LPS_Out_35724";"7626166";"";1;1
"LPS_Inl_35619_2";"7626166";"";1;2
"LPM_Lit_33792";"7626166";"Boulders";1;19
"LPS_Lit_35724";"7626166";"Landslide";1;62
"LPI_Out_34590_200";"7626166";"";1;1
"LPI_Out_34233";"7626166";"";1;1
"LPI_Out_34590";"7626166";"";1;21
"LPS_Lit_34898";"7626166";"Gravel";1;1
"LPS_Lit_33470";"7626166";"Gravel";1;3
"LPS_Lit_35317";"7626166";"Landslide";1;50
"LPS_Lit_34975";"7626166";"Landslide";1;2
"LPS_Lit_36095";"7626166";"Gravel";1;1
"LPS_Lit_36782";"7626166";"Rock face";1;91
"LPI_Out_36782_100";"7626166";"";1;2
"LPS_Lit_35724";"7626166";"Rock face";1;69
"LPS_Lit_34233";"7626166";"Rock face";1;1
"LPS_Lit_35997";"7626166";"Gravel";1;2
"LPS_Lit_36095";"7626166";"Landslide";1;2
"LPS_Lit_35997";"7626166";"Rock face";1;17
"LPS_Lit_33813";"7626166";"Rock face";1;2
"LPS_Lit_35317";"7626166";"Rock face";1;1
"LPS_Lit_36067";"7626166";"Gravel";1;8
"LPS_Lit_35647";"7626166";"Landslide";1;13
"LPS_Lit_35619";"7626166";"Rock face";1;7
"LPS_Lit_34975";"7626166";"Gravel";1;3
"LPS_Lit_35262";"7626166";"Landslide";1;40
"LPS_Lit_36067";"7626166";"Rock face";1;20
"LPM_Lit_34233";"7626166";"Gravel";1;27
"LPS_Lit_36782";"7626166";"Gravel";1;102
"LPS_Lit_36067";"7626166";"Landslide";1;2
"LPS_Lit_33861";"7626166";"Gravel";1;8
"LPI_Out_33771";"7626166";"";1;12
"LPI_Out_33498";"7626166";"";1;42
"LPS_Lit_33861";"7626166";"Rock face";1;4
"LPS_Lit_35724";"7626166";"Gravel";1;49
"LPS_Lit_35647";"7626166";"Rock face";1;1
"LPS_Lit_33498";"7626166";"Rock face";1;20
"LPS_Lit_33470";"7626166";"Rock face";1;31
"LPS_Lit_33435";"7626166";"Rock face";1;1
"LPS_Lit_34590";"7626166";"Rock face";1;8
"LPI_Out_33470";"7626166";"";1;4
"LPM_Lit_36781";"7626166";"Gravel near inlet";1;84
"LPS_Out_35360";"7626166";"";1;1
"LPS_Lit_36782";"7626166";"Landslide";1;165
"LPS_Lit_36095";"7626166";"Rock face";1;3
"LPS_Lit_34541";"7626166";"Rock face";1;43
"LPS_Lit_34233";"7626166";"Gravel";1;1
"LPS_Lit_34541";"7626166";"Gravel";1;2
"LPS_Lit_35689";"7626166";"Landslide";1;1
"LPS_Lit_33792";"7626166";"Rock face";1;42
"LPM_Lit_33792";"7626166";"Gravel";1;5
"LPS_Lit_34975";"7626166";"Rock face";1;2
"LPM_Lit_36781";"7626166";"Boulders";1;73
"LPS_Lit_35647";"7626166";"Gravel";1;3
"LPS_Lit_35689";"7626166";"Gravel";1;13
